date,item,actual_demand,q10,q50,q90
2017-07-09,1,2227,2221.549515386912,2277.337241582917,2391.7735614153084
2017-07-16,1,2261,2107.1275315778175,2248.020939685756,2320.76742983813
2017-07-23,1,2239,2113.073516420956,2284.6754389987764,2361.5183824980213
2017-07-30,1,2247,2204.1921846187156,2281.343411828304,2349.492661184022
2017-08-06,1,1947,1921.0100038507428,2112.5983997970225,2178.8136916475473
2017-08-13,1,1961,1899.3683536549038,1926.7513741540977,2014.0340920431333
2017-08-20,1,1926,1880.364805675664,1914.420822927961,1975.7213282749597
2017-08-27,1,1948,1871.0865823088345,1971.6161853392643,2020.716489530367
2017-09-03,1,1887,1895.7402424289946,1899.924116277276,1937.7888575102274
2017-09-10,1,1839,1784.3609098596357,1818.433110403733,1909.377056821057
2017-09-17,1,1859,1715.8078396793437,1833.388433878734,1865.817745480562
2017-09-24,1,1822,1779.3134225911701,1849.485566739481,1910.6061956549286
2017-10-01,1,1759,1736.082713112131,1800.5696486788595,1883.8370700533724
2017-10-08,1,1779,1731.7684721024636,1753.0670288360693,1837.5279003556134
2017-10-15,1,1767,1729.0727440193077,1721.619893281707,1842.4204693498548
2017-10-22,1,1709,1701.8819335625765,1717.0086560706131,1812.6689006936201
2017-10-29,1,1656,1629.408679085126,1675.937379875057,1805.2733765746154
2017-11-05,1,1760,1714.9242662240522,1817.53508485267,1835.6273076812122
2017-11-12,1,1748,1708.62223242126,1827.8906856932977,1895.7750604038533
2017-11-19,1,1826,1646.8676704197983,1763.199263296211,1830.9545318179717
2017-11-26,1,1836,1631.9693738760348,1781.874338097658,1856.2885102322732
2017-12-03,1,1549,1553.2893970629223,1700.5259444567946,1781.6411215312942
2017-12-10,1,1288,1335.4404254261553,1387.4251612126586,1462.2148022704935
2017-12-17,1,1300,1273.7850243317976,1284.0415626198383,1320.9883531193734
2017-12-24,1,1284,1281.3096144587541,1323.3436272511995,1366.2937674290156
2017-12-31,1,1303,1264.1447181651338,1312.6841620147693,1331.100660800219
2017-07-09,2,5866,5517.931886906397,5908.763850044247,5958.951015015244
2017-07-16,2,5897,5841.784188751574,5869.554672932494,6012.737047705694
2017-07-23,2,5868,5848.058423793324,5888.871055305394,6094.962884851406
2017-07-30,2,5920,5854.295122060408,5910.523628041805,6124.117794392205
2017-08-06,2,5272,5421.619656237612,5603.027998309569,5895.542166606197
2017-08-13,2,5181,5184.659747679896,5255.412739165469,5417.408223041669
2017-08-20,2,5101,5193.118272561368,5239.046300388276,5387.398808766961
2017-08-27,2,5223,5149.175123224866,5180.607833409678,5393.626258993655
2017-09-03,2,5032,5138.29193584371,5181.259463429951,5286.657252911064
2017-09-10,2,4868,4979.206554702959,4946.807385557409,4930.997926982027
2017-09-17,2,4824,4858.7446528768505,4884.521522598069,4940.087916379321
2017-09-24,2,5111,4939.898131715902,4929.8024235548255,5124.500139692036
2017-10-01,2,4893,4836.788681342007,4980.884826244979,5095.111835612826
2017-10-08,2,4501,4669.628973286059,4697.381294289466,4838.720490814653
2017-10-15,2,4445,4590.421062092358,4511.405759008054,4794.712988647635
2017-10-22,2,4470,4572.723064521103,4466.827478283243,4677.91282684981
2017-10-29,2,4428,4639.234595288309,4542.855687646363,4800.34179903067
2017-11-05,2,4737,4754.873515258309,4766.823263728923,4977.021857630781
2017-11-12,2,4911,4739.4647612669805,4854.143105609712,5065.32031466668
2017-11-19,2,4826,4863.077235667115,4948.846714489126,4993.763011001096
2017-11-26,2,4811,4834.170077117136,4837.377840365271,4967.404039364282
2017-12-03,2,4248,4176.972168598928,4298.4176666339135,4366.406780880631
2017-12-10,2,3494,3682.6436819207984,3685.021850645745,3773.6163212077367
2017-12-17,2,3536,3482.1055808798715,3528.124922821213,3545.9047737972137
2017-12-24,2,3397,3496.5414001978534,3592.9059190758567,3602.7597642124692
2017-12-31,2,3608,3316.749104105611,3418.730526574246,3481.842897470713
2017-07-09,3,3797,3507.5634369048144,3664.1590025473743,3797.5635204886494
2017-07-16,3,3745,3643.991976623059,3773.452019255466,3853.2438626069547
2017-07-23,3,3708,3733.0862749247985,3772.093686223076,3971.730704745559
2017-07-30,3,3709,3494.459830001619,3713.1700679477494,3891.943377573505
2017-08-06,3,3200,3118.3938833526618,3577.233895027374,3509.6201469615976
2017-08-13,3,3268,3236.1893383204088,3369.8220268018895,3457.6762481493793
2017-08-20,3,3385,3132.430604683161,3347.816748199178,3431.0523531026483
2017-08-27,3,3353,3244.0592506383546,3343.3392542070114,3476.060659824939
2017-09-03,3,3146,3153.803559575755,3199.663351946915,3314.4689631366623
2017-09-10,3,3030,3107.4489898535194,3116.374173730088,3194.2852500411605
2017-09-17,3,3034,3124.703965822458,3049.7916471815743,3217.8984206989085
2017-09-24,3,3036,3059.0418307555683,2944.47913631958,3150.828379223926
2017-10-01,3,2902,3005.7561744673385,3017.326683312702,3164.1516020932927
2017-10-08,3,2760,2839.191167136103,2836.212090495087,2954.678811063952
2017-10-15,3,2835,2774.187643064298,2845.964452915913,2993.180882544879
2017-10-22,3,2882,2796.0692788050155,2788.5610135700153,2954.7324570182204
2017-10-29,3,2766,2823.7465937170573,2898.1218409527596,2951.975786965876
2017-11-05,3,3031,2916.320384182538,3029.8537348323493,3082.93074837289
2017-11-12,3,3141,2986.593939920015,2946.3576993594843,3059.131999052239
2017-11-19,3,3139,3041.967427083477,3160.633177448784,3223.789102174678
2017-11-26,3,3062,3036.139714942355,3141.5246667233505,3261.776624536416
2017-12-03,3,2603,2736.993630870792,2700.305680654648,2849.9835506331556
2017-12-10,3,2183,2309.6156049141546,2323.1829621512347,2450.2946712261205
2017-12-17,3,2230,2182.577366093843,2145.6950976016924,2389.1332149121063
2017-12-24,3,2216,2175.751461806162,2254.0687368368453,2462.2670227075805
2017-12-31,3,2202,2175.646744818682,2285.1801997141865,2495.016300700645
2017-07-09,4,2203,2131.7846313583204,2222.6009353751524,2310.2959145902605
2017-07-16,4,2212,2128.0461791561584,2212.532315182863,2342.95176988186
2017-07-23,4,2158,2230.848920801233,2266.887734503664,2334.6654269205715
2017-07-30,4,2252,2174.22093603384,2161.3098237123236,2311.783645455
2017-08-06,4,1946,1966.3610393295476,2112.7862788926795,2196.835645122722
2017-08-13,4,1926,1934.0780166503796,1974.926134622274,2051.6819408702772
2017-08-20,4,1964,1891.6391381910446,1978.8582611891138,2015.1853001226439
2017-08-27,4,1950,1922.7127658491027,1959.8080132093448,2001.8714184617888
2017-09-03,4,1874,1910.4843274814295,1878.0901121202876,1932.8262714433233
2017-09-10,4,1821,1855.930892631462,1849.6378548861346,1905.4205630705617
2017-09-17,4,1800,1788.4436078800245,1857.7487251535929,1883.3719523648963
2017-09-24,4,1755,1763.9744879839293,1821.841128799961,1874.9356586003182
2017-10-01,4,1823,1740.85263812726,1718.6760659929614,1820.4867903443676
2017-10-08,4,1681,1726.1678842975007,1736.7853647182658,1805.096295225814
2017-10-15,4,1780,1669.5500400228523,1677.355262498618,1722.5894815503475
2017-10-22,4,1688,1717.7876660629618,1737.2258428826851,1803.9478247787697
2017-10-29,4,1729,1598.249143349671,1649.1268744133433,1765.0217818193012
2017-11-05,4,1685,1736.605042937003,1796.1655837917187,1857.4764079540914
2017-11-12,4,1875,1774.102960354937,1870.6575250398955,1859.4032852444627
2017-11-19,4,1804,1673.4493376055923,1813.5846779026124,1895.2811294779833
2017-11-26,4,1875,1640.6752970343703,1792.665166474355,1864.5124252448159
2017-12-03,4,1570,1502.5935254353813,1613.7284110658202,1761.793147625513
2017-12-10,4,1297,1338.5347774402564,1383.2491968126192,1474.2660419393096
2017-12-17,4,1277,1270.7696593850685,1289.5953773922618,1319.2705101607348
2017-12-24,4,1309,1275.4219156672334,1339.0406832537865,1366.9644753692494
2017-12-31,4,1293,1279.0214836600244,1282.6323844294952,1348.6624346395588
2017-07-09,5,1870,1809.4836978462213,1895.7917594821824,1877.0837920195413
2017-07-16,5,1855,1813.6415852880018,1884.253714161083,1922.5591081981488
2017-07-23,5,1892,1806.8535395606852,1880.1891766626234,1880.1453453157299
2017-07-30,5,1793,1809.705667262233,1896.350357222494,1963.4737360439728
2017-08-06,5,1631,1637.5620370235918,1731.5375753206174,1857.85855231686
2017-08-13,5,1633,1583.2666612898834,1622.79177177213,1706.6847823569462
2017-08-20,5,1585,1581.1715183172403,1606.8427640471598,1692.2027459958308
2017-08-27,5,1608,1606.627658382783,1648.2331456879035,1707.98254812839
2017-09-03,5,1612,1557.9644235283317,1596.6566295317984,1666.139367486822
2017-09-10,5,1527,1522.463427633763,1550.789059598502,1615.1614877747124
2017-09-17,5,1506,1506.8465148524701,1580.4295739086604,1620.89944677197
2017-09-24,5,1580,1502.498884966377,1549.2268165997677,1617.1286538397503
2017-10-01,5,1450,1505.869059314638,1555.3253882193465,1598.6504284600298
2017-10-08,5,1383,1366.6759427832856,1432.0538732478112,1513.5008964077688
2017-10-15,5,1404,1360.515243219161,1414.2840783152487,1527.0726794389896
2017-10-22,5,1362,1417.5544872998028,1475.645425802972,1549.668296602386
2017-10-29,5,1464,1337.797792294513,1401.6710005510852,1491.9938559720433
2017-11-05,5,1469,1497.257009521624,1498.2953216211477,1549.4410295599798
2017-11-12,5,1542,1524.0317151670233,1538.1007835994167,1592.4847888953516
2017-11-19,5,1494,1511.060202298712,1584.8115306456014,1662.0419614182458
2017-11-26,5,1555,1543.2770124574927,1586.2922227793808,1709.657114225249
2017-12-03,5,1352,1262.7123804224184,1325.14303257759,1439.1784094024292
2017-12-10,5,1174,1156.6215835169496,1118.0077111019511,1316.5766606360398
2017-12-17,5,1132,1042.478111008067,1101.826733890412,1162.0784634615256
2017-12-24,5,1085,1017.6322972692508,1068.4060068149324,1147.5334413422268
2017-12-31,5,1121,1011.4448064633058,1055.957811672186,1112.327055142689
2017-07-09,6,5818,5617.225074151842,6069.269455880833,6067.945107548924
2017-07-16,6,5901,5865.7597199454995,5974.744273625514,6115.900000945538
2017-07-23,6,5803,5863.814519448582,5988.78514340799,6191.184495878789
2017-07-30,6,5929,5894.215803191216,6124.000119881865,6161.275661904273
2017-08-06,6,5260,5437.921785420072,5549.59261676342,5920.23505592908
2017-08-13,6,5226,5229.906378209352,5314.2884218685485,5433.44043671873
2017-08-20,6,5261,5210.764236842539,5215.1639692128965,5362.665507923169
2017-08-27,6,5258,5242.328372088609,5319.8170291640545,5393.164110552239
2017-09-03,6,4971,5143.024219654096,5260.495125329606,5239.856078440876
2017-09-10,6,4774,5072.417643428903,4928.731931344403,5022.546546705999
2017-09-17,6,4832,4848.600725253568,4851.411067227495,4995.804441709217
2017-09-24,6,4784,4938.686142881874,4870.3104696576165,5029.053785121516
2017-10-01,6,4810,4666.7874308067585,4843.690085813071,4953.078003727989
2017-10-08,6,4558,4665.480715172764,4640.190909997878,4887.219937912696
2017-10-15,6,4441,4568.773752689018,4541.49148321065,4787.307863326743
2017-10-22,6,4519,4552.115930859687,4472.887756299734,4676.9261804707885
2017-10-29,6,4466,4583.928831476373,4522.829069669684,4676.762417209743
2017-11-05,6,4671,4843.970472937338,4821.57792669236,5005.791375780111
2017-11-12,6,4688,4684.877209965945,4860.423097581216,4933.113271346498
2017-11-19,6,4899,4909.029295365001,4888.188047464024,5027.808834864679
2017-11-26,6,4862,4853.278722506905,4889.612312567787,4985.048829525931
2017-12-03,6,4262,4174.989385157172,4264.910643560566,4313.824661724306
2017-12-10,6,3590,3603.145952712921,3696.1843759912745,3681.201459673235
2017-12-17,6,3532,3381.0969636251743,3563.997635778141,3485.641735826208
2017-12-24,6,3483,3491.2977715550473,3556.385547094402,3537.815913770112
2017-12-31,6,3352,3319.0810232396448,3397.094847422964,3485.0417733812483
2017-07-09,7,6000,5459.409563324432,5853.265990431317,5926.614014297373
2017-07-16,7,5902,5810.894284784285,5929.8941242039,6162.083468317512
2017-07-23,7,5933,5786.348391469884,5880.144052727326,6144.147857520857
2017-07-30,7,5890,5833.189058161352,6080.599968439335,6212.7127802600635
2017-08-06,7,5255,5369.1219370650315,5648.54445150171,5876.950131233045
2017-08-13,7,5122,5122.944201068063,5207.608657008626,5413.517344469818
2017-08-20,7,5208,4977.496555717497,5167.787655080348,5343.511820368454
2017-08-27,7,5229,5123.84791895831,5218.73790112724,5423.067000966791
2017-09-03,7,5035,5034.066627188636,5292.875265656052,5325.809627535069
2017-09-10,7,4864,4718.589698695796,4895.50650060557,4921.693600202248
2017-09-17,7,4933,4713.818999594473,4872.851570440833,4920.5608385010755
2017-09-24,7,4696,4884.561712743674,4915.674366512797,4982.771211899346
2017-10-01,7,4785,4683.533689185785,4698.133891253286,4835.06747059489
2017-10-08,7,4512,4646.231252382535,4630.0541038806905,4832.538837739384
2017-10-15,7,4468,4530.06068468741,4509.109557969962,4666.208172715363
2017-10-22,7,4627,4504.005801585637,4455.099035538739,4657.612921954259
2017-10-29,7,4479,4670.131137859336,4713.176423943922,4773.429584162547
2017-11-05,7,4834,4606.787418156308,4716.046166140626,4922.673646890476
2017-11-12,7,4865,4868.714279690751,4927.677490632113,4999.572558342182
2017-11-19,7,4841,4883.596441355125,4896.956443074917,5040.956643247661
2017-11-26,7,4934,4853.694368281131,4904.327148160454,5018.643974795377
2017-12-03,7,4093,4174.914214787549,4275.78241943147,4388.792322848514
2017-12-10,7,3504,3671.596594666365,3681.3537594355216,3760.462358340226
2017-12-17,7,3400,3506.939890271096,3531.0124617884885,3609.3035843973694
2017-12-24,7,3498,3444.822836457648,3395.307375574976,3481.565070589027
2017-12-31,7,3540,3324.3037295097492,3434.093309756496,3477.277207960129
2017-07-09,8,7646,7109.343770044814,7784.473866164424,7929.665749755075
2017-07-16,8,7755,7397.080662084137,7881.332272813407,7976.539674660711
2017-07-23,8,7844,7430.595122338248,7893.031074358223,7939.056775197087
2017-07-30,8,7815,7457.774073838208,7983.258769532902,8064.785498844482
2017-08-06,8,7026,6844.102245736574,7261.353012518579,7535.618627846657
2017-08-13,8,6923,6782.363247160495,7057.869384576146,7195.634067008539
2017-08-20,8,6785,6784.340530584361,6711.377578888891,6835.522790032688
2017-08-27,8,6821,6641.445972103153,6822.291914926058,6937.278327108981
2017-09-03,8,6702,6435.35845160593,6691.899454226357,6759.714790361277
2017-09-10,8,6493,6379.800662844839,6506.849962780636,6629.215689181756
2017-09-17,8,6250,6322.773976311531,6525.061693476317,6705.065656382685
2017-09-24,8,6408,6258.115195410891,6329.813907024954,6315.036051061196
2017-10-01,8,6478,6286.824779294781,6375.5925769936375,6476.61230622612
2017-10-08,8,5944,6019.788272438523,6214.108205047878,6413.151571087896
2017-10-15,8,5865,5882.07626783456,6040.030136284686,6197.130188152043
2017-10-22,8,6032,5856.002559387606,6038.893754147319,6172.490789167548
2017-10-29,8,6034,5862.9368049960085,6104.659957892388,6188.33511067971
2017-11-05,8,6406,6222.3063712196845,6345.321542280326,6556.933466440164
2017-11-12,8,6408,6390.460679861555,6382.052965366456,6586.9092618116865
2017-11-19,8,6479,6372.793611642359,6378.169978474841,6436.8288121363075
2017-11-26,8,6449,6389.294215575925,6418.8427987587875,6493.963858032423
2017-12-03,8,5567,5522.360682591462,5711.525813796248,6153.14061399053
2017-12-10,8,4516,4537.14748206315,4848.9100917834985,5161.311072763755
2017-12-17,8,4700,4505.456436854328,4506.946983629937,4660.132806694074
2017-12-24,8,4513,4521.307125840448,4551.4680472510845,4731.145879835201
2017-12-31,8,4579,4435.8548783854885,4473.061207366051,4619.7179637027
2017-07-09,9,5166,5016.255059962062,5224.920010447486,5371.102674985221
2017-07-16,9,5170,5033.430483232216,5199.911242783689,5351.602123774107
2017-07-23,9,5079,5046.583881188697,5252.366269441024,5366.308616404552
2017-07-30,9,5187,4988.321534466547,5143.796204586175,5383.296887668966
2017-08-06,9,4592,4601.245386310703,4893.644507211823,5007.123875187138
2017-08-13,9,4587,4488.349938013488,4603.181984873004,4748.325805522072
2017-08-20,9,4612,4501.94442061334,4586.203717192244,4764.279739121821
2017-08-27,9,4763,4502.181527156952,4642.279411832829,4650.368932339542
2017-09-03,9,4410,4382.869871769147,4536.147293050178,4645.301386431653
2017-09-10,9,4300,4175.0967523823,4378.406304058205,4490.013747843959
2017-09-17,9,4267,4149.220065355742,4250.9963202685085,4313.678984917976
2017-09-24,9,4138,4265.377711806639,4332.485796415443,4519.258212967454
2017-10-01,9,4112,4031.403789166474,4118.224785030756,4221.374662770976
2017-10-08,9,3927,3997.677568829528,3952.8885262672616,4159.255841323727
2017-10-15,9,3864,3951.1777448212792,3942.4795638902892,4230.021854892767
2017-10-22,9,3874,3955.6132996904676,3885.4988730054324,4184.63732744314
2017-10-29,9,3909,3810.2847558719577,3814.1926799563225,4047.0877495773893
2017-11-05,9,4208,4097.37303574663,4173.834397083045,4480.597408621101
2017-11-12,9,4325,4197.569260557042,4272.422558534285,4446.320356623568
2017-11-19,9,4278,4221.012488115421,4346.345363209637,4512.250403266986
2017-11-26,9,4155,4174.279903074417,4287.101833351422,4513.8584654072065
2017-12-03,9,3706,3807.0759170250635,3748.377197420212,3861.132048827115
2017-12-10,9,2992,3011.8487049588825,3496.4048212470157,3278.0736607231493
2017-12-17,9,3065,3055.999388143743,2955.8892197162604,3041.1546386051873
2017-12-24,9,2947,3067.2228066301773,3091.5624519200364,3143.7300610087796
2017-12-31,9,3105,3038.2290912042254,2925.48638762672,3072.5954756929314
2017-07-09,10,7315,7054.301263660533,7494.507865014669,7498.429316236614
2017-07-16,10,7299,7085.485386236366,7441.74493851087,7598.872726319143
2017-07-23,10,7332,7011.997395057758,7408.180083260076,7535.774679723035
2017-07-30,10,7300,7046.039563166009,7491.209841939623,7596.746484273108
2017-08-06,10,6678,6472.676706129606,6766.535684008096,6838.089553237232
2017-08-13,10,6629,6456.42241234083,6606.454552939315,6767.80345383308
2017-08-20,10,6651,6465.542293716477,6610.077141286727,6701.702078144753
2017-08-27,10,6555,6451.824070758568,6594.120301763974,6682.032612855553
2017-09-03,10,6334,6282.652791365473,6437.108938911329,6657.139229128905
2017-09-10,10,6240,6130.340264952077,6262.729795301044,6341.58621707554
2017-09-17,10,5966,5970.610484740751,6148.174563856111,6282.058880737189
2017-09-24,10,6096,6164.266015515479,6183.799896769764,6292.759482058716
2017-10-01,10,6021,5876.853464926845,6116.993509813868,6240.929564953464
2017-10-08,10,5576,5820.062767532775,5876.908180969734,6030.384084996552
2017-10-15,10,5741,5495.161086762925,5623.1189599393765,5857.939977194887
2017-10-22,10,5757,5799.92333735123,5760.434992185036,5918.602822972439
2017-10-29,10,5659,5823.0482414053085,5745.558244009961,5914.858242541977
2017-11-05,10,6065,5582.975952331699,6062.884054320856,6047.2287869528445
2017-11-12,10,6192,6209.28381898258,6253.483139773628,6239.364142539119
2017-11-19,10,5964,6196.381375503147,6260.034580767757,6278.0708563867
2017-11-26,10,6053,6016.554948239785,6106.650493923007,6182.885150122579
2017-12-03,10,5301,5365.074889471189,5435.228920798543,5832.342786158899
2017-12-10,10,4307,4423.209297999151,4627.136223083509,4875.823745892838
2017-12-17,10,4404,4263.749067719555,4304.480700198286,4569.982004967576
2017-12-24,10,4419,4257.118625795025,4327.20828747258,4628.969284982114
2017-12-31,10,4230,4124.356862592166,4315.952880472307,4519.797465413267
2017-07-09,11,7097,6603.963410037802,7103.766450249647,7140.64802403546
2017-07-16,11,7007,6947.661183415451,7176.341795146523,7273.45144511994
2017-07-23,11,7036,6946.624678618963,7069.300042106255,7254.544003154838
2017-07-30,11,7138,6837.915291906748,7251.977089836564,7396.431199581075
2017-08-06,11,6280,6563.826782089884,6641.2566972027325,6711.309971886004
2017-08-13,11,6223,6370.472047934223,6364.194962758125,6340.850062517006
2017-08-20,11,6224,6208.1861234324315,6264.928202035944,6249.605236292054
2017-08-27,11,6258,6199.00586759776,6263.1888863746535,6268.150058671361
2017-09-03,11,5971,5975.669726627988,6242.019685237002,6281.3131223624705
2017-09-10,11,5798,5859.623442181717,5883.889604107573,6082.798287625668
2017-09-17,11,5815,5834.530729370378,5829.472954525907,5984.904695242389
2017-09-24,11,5565,5840.30438042298,5873.4786701733765,5992.302785601878
2017-10-01,11,5653,5419.066896268579,5535.043622351551,5718.822206200897
2017-10-08,11,5433,5203.975809726959,5439.138490977441,5542.451246272755
2017-10-15,11,5427,5426.512247332832,5432.765851630204,5671.0444641132235
2017-10-22,11,5370,5355.273252128724,5397.615386805594,5597.796692311188
2017-10-29,11,5457,5342.651691202924,5398.64886523837,5614.237924401836
2017-11-05,11,5726,5491.297363376993,5758.138175339443,5845.1581785290855
2017-11-12,11,5797,5845.935623926736,5844.594407362608,5939.986182529195
2017-11-19,11,5875,5818.808063090124,5860.745670573565,5899.606477639816
2017-11-26,11,5855,5832.2424539205,5900.280321105828,5954.560664985594
2017-12-03,11,5132,4939.119856277615,5000.875770840943,5655.678976684365
2017-12-10,11,4183,4215.4497407783165,4295.11064517864,4599.87798299831
2017-12-17,11,4157,4173.327737226517,4100.341333145631,4271.233812003983
2017-12-24,11,4226,3961.047536068199,4036.0779350270855,4111.316936449159
2017-12-31,11,4315,3975.8159458312102,4116.683502039882,4253.482178608178
2017-07-09,12,6893,6796.169300609403,7004.979561443636,7085.436802762126
2017-07-16,12,7116,6816.0090222975705,7149.452451720555,7342.9384359326705
2017-07-23,12,7138,6820.573475314916,7099.312206974724,7295.457850357643
2017-07-30,12,7001,7047.524668173984,7351.015057349492,7456.599148989788
2017-08-06,12,6311,6495.168473046273,6531.060761451159,6660.152956094401
2017-08-13,12,6214,6324.3977469579795,6366.543125160122,6340.233223211947
2017-08-20,12,6275,6086.71953428376,6278.561339797512,6260.525575875878
2017-08-27,12,6050,6328.541122707184,6358.73008587792,6348.025937826405
2017-09-03,12,6052,5886.425481332495,6005.330637621135,6223.919043659628
2017-09-10,12,5861,5879.229858805664,5927.287953596878,6084.286890928902
2017-09-17,12,5719,5864.223350092495,5928.746317581467,6119.357737281577
2017-09-24,12,5718,5814.682235692582,5707.8750438022535,5976.979102657672
2017-10-01,12,5694,5734.092513206786,5605.40438396553,5793.65207872836
2017-10-08,12,5350,5354.42106028418,5621.769184986371,5674.008183125327
2017-10-15,12,5467,5393.070340042512,5402.263612067433,5596.274383181514
2017-10-22,12,5373,5394.963022929092,5486.393411708524,5619.123787248242
2017-10-29,12,5285,5371.969007868427,5436.585755617114,5657.90804877131
2017-11-05,12,5622,5474.750004073823,5653.217548080817,5832.154663600746
2017-11-12,12,5848,5518.523647048217,5780.374692026252,5849.709830811168
2017-11-19,12,5796,5776.290975620918,5830.045964417169,5891.791120152007
2017-11-26,12,5749,5819.946900002824,5852.279303012184,5942.721566394024
2017-12-03,12,4949,4978.753719634935,5048.489501215213,5377.156740677271
2017-12-10,12,4158,4139.912581742869,4221.0521564121755,4332.548708814183
2017-12-17,12,4061,4075.478082034607,4012.127352305406,4186.536439215171
2017-12-24,12,4115,4055.4158512220038,4052.6150310324065,4363.293127332588
2017-12-31,12,4232,3908.923519003059,4001.7548011201534,4132.922638521943
2017-07-09,13,8460,7482.288995825849,8256.97594408259,8525.227348746008
2017-07-16,13,8503,7513.259107969062,8248.633615205732,8500.914497500029
2017-07-23,13,8567,7497.959712726968,8240.569064014924,8509.159865362199
2017-07-30,13,8396,7456.435989573788,8259.320160156542,8504.508902091753
2017-08-06,13,7721,7055.961737247513,8078.3161309815205,8390.654967515198
2017-08-13,13,7693,7102.042386850642,7640.37752686109,8064.610994446193
2017-08-20,13,7425,7113.663281088461,7766.42565643277,8080.212265935949
2017-08-27,13,7510,6884.183723192143,7421.778860272501,7646.826685119433
2017-09-03,13,7354,6774.745083793403,7360.761356175002,7429.520891475705
2017-09-10,13,7011,6753.883492622337,7195.572562845577,7357.198618430895
2017-09-17,13,6989,6823.755705005235,7082.920772038366,7228.587269984367
2017-09-24,13,7089,6776.40904207499,6997.152193204458,7146.792601526201
2017-10-01,13,6958,6753.90357321408,7079.3908089718425,7255.339195083128
2017-10-08,13,6475,6541.928974542172,6755.379038364744,6845.288578060393
2017-10-15,13,6560,6389.34127561909,6582.4528167664275,6741.438977319425
2017-10-22,13,6520,6383.200916494808,6550.456688014052,6673.642081345923
2017-10-29,13,6479,6397.6641246700865,6580.188502425494,6642.149928244373
2017-11-05,13,6797,6384.892429126173,6810.055173394967,6865.676227492897
2017-11-12,13,7048,6512.416793622198,7118.025578442528,7151.705299712732
2017-11-19,13,6835,6769.507038992746,7050.2912397119235,7049.693192610543
2017-11-26,13,6969,6553.517323174706,6890.927262818617,7010.225005128771
2017-12-03,13,5989,6061.428651532949,6259.060779410939,6375.308393638839
2017-12-10,13,4987,5172.657400161384,5322.552743369073,5754.419106059833
2017-12-17,13,5045,4734.741475277476,5016.120735125315,5120.683589602435
2017-12-24,13,4988,4725.304824187167,5013.859843518761,5316.860459307485
2017-12-31,13,5110,4665.727543287494,4929.7732765569845,4973.866372101707
2017-07-09,14,5980,5713.320446807324,5835.73511531982,5906.75660656486
2017-07-16,14,5870,6059.280177376258,5940.636755316027,6078.909579982651
2017-07-23,14,5959,6071.711457115235,5937.422795906066,6146.611198163748
2017-07-30,14,5794,6094.067499766741,6032.1622764591475,6211.354216617137
2017-08-06,14,5365,5670.470940573583,5642.425310338687,5750.870265888333
2017-08-13,14,5128,5102.491671610741,5237.273353989371,5443.472639879203
2017-08-20,14,5233,5151.816681930491,5298.485053800449,5399.190533170778
2017-08-27,14,5238,5011.251473427119,5215.624977179758,5394.951746070514
2017-09-03,14,4994,5086.285752435451,5243.558786602867,5316.007899383463
2017-09-10,14,4911,4980.0461779742545,5031.967200699987,5106.277472810101
2017-09-17,14,4881,4942.945569273315,4946.112009334274,4993.156947830405
2017-09-24,14,4802,4717.295961764747,4844.042289219931,4968.587626070206
2017-10-01,14,4851,4668.217852132044,4789.055566835031,4943.063150813017
2017-10-08,14,4607,4634.770592489408,4701.535896665289,4815.258887391618
2017-10-15,14,4492,4647.285240821794,4694.286339023079,4821.360214078113
2017-10-22,14,4602,4552.938280784721,4521.389373780806,4807.902691836399
2017-10-29,14,4445,4520.123771223829,4502.9395694910545,4612.47088531522
2017-11-05,14,4818,4602.655808989584,4668.950956949538,4922.390801354286
2017-11-12,14,4901,4876.295216612461,4908.897762144862,5054.859297168106
2017-11-19,14,4922,4967.079237939576,4948.991896934383,5026.491612842381
2017-11-26,14,5007,4867.502695935818,4864.0252171637885,4959.001283623325
2017-12-03,14,4289,4160.567991276708,4291.747880024652,4402.092436105758
2017-12-10,14,3547,3512.199130291691,3667.715417600576,3785.589110071858
2017-12-17,14,3458,3498.560034088996,3590.3318822033625,3620.9449571180935
2017-12-24,14,3488,3516.640283947419,3497.8995707527974,3529.3994859100058
2017-12-31,14,3510,3436.5511113383623,3530.483196296448,3491.6142509000356
2017-07-09,15,8838,7915.276720935711,8249.46491073515,8602.400920807317
2017-07-16,15,8777,7920.184202565805,8234.010755252253,8570.552443525163
2017-07-23,15,9090,7917.958938135157,8249.14376436635,8621.6490555043
2017-07-30,15,8696,7916.869576191991,8253.20717064942,8620.247215567277
2017-08-06,15,8127,7541.950075301001,8164.63414526797,8507.387209155171
2017-08-13,15,7790,7482.4566216065505,8076.979349613681,8446.466328353357
2017-08-20,15,7859,7583.093745264358,7915.7395527832905,8277.321453883127
2017-08-27,15,7820,7609.2042108899695,7962.593152845717,8186.187552517351
2017-09-03,15,7528,7433.900325691282,7632.320167706044,7857.4726946864575
2017-09-10,15,7276,7138.525599859552,7528.646407959459,7783.15068506144
2017-09-17,15,7333,7192.593277439913,7401.2139313495545,7644.620630536734
2017-09-24,15,7356,7188.695910216106,7433.75854980904,7784.124487198036
2017-10-01,15,7017,6994.28753575044,7305.470479863244,7453.160748271588
2017-10-08,15,6828,6792.951981902521,6911.149584118194,7195.760468664205
2017-10-15,15,6806,6677.925411860125,6937.221328687854,7123.809706139595
2017-10-22,15,6836,6676.84808804844,6971.751646045632,7124.487704889192
2017-10-29,15,6864,6621.001231727495,6791.125321653453,6997.320777360686
2017-11-05,15,7210,6685.604471509487,7195.385489224283,7344.072937178956
2017-11-12,15,7379,6906.877100758686,7375.720481068387,7460.545573545249
2017-11-19,15,7497,7045.493376899623,7348.071694388611,7351.535808468097
2017-11-26,15,7173,7001.528123425577,7451.760451829912,7374.4359622622615
2017-12-03,15,6338,6262.700652774894,6393.195625660728,6520.732121931615
2017-12-10,15,5292,5381.404179056591,5547.4947742299755,5966.2085866420375
2017-12-17,15,5251,4791.74954264761,5117.703807343809,5369.505235488873
2017-12-24,15,5247,4822.790452924349,5175.118096821015,5446.548797029148
2017-12-31,15,5119,4783.78892772445,5169.253709858816,5387.397704373594
2017-07-09,16,2610,2538.9303959867875,2603.1185366903446,2686.5814950547674
2017-07-16,16,2658,2551.404553928077,2665.090450058481,2661.968506525735
2017-07-23,16,2605,2559.492850771003,2678.0444945179224,2639.7093887291867
2017-07-30,16,2576,2538.115099532922,2609.0362693083193,2802.557849176862
2017-08-06,16,2315,2420.610382300606,2440.152092149706,2566.1777744458964
2017-08-13,16,2311,2163.2581984026024,2300.381277238833,2508.0197997689056
2017-08-20,16,2257,2225.1753684076466,2322.4718472950753,2518.1920706198393
2017-08-27,16,2290,2119.200040934426,2237.396042477666,2502.941908143594
2017-09-03,16,2228,2217.228969515879,2333.0476224544227,2345.199409047097
2017-09-10,16,2168,2119.7419117867944,2245.5031448255468,2317.0213092740278
2017-09-17,16,2153,2108.935606383307,2146.5334502389587,2251.0944638736637
2017-09-24,16,2154,2069.0401993281853,2105.3910543801785,2149.915994385127
2017-10-01,16,2045,2092.480736459134,2161.195360196809,2277.8031599975934
2017-10-08,16,1985,1947.490393053891,2021.609798321717,2124.9634725742803
2017-10-15,16,1935,1929.4841661875655,1978.2636235868217,2031.6906634785662
2017-10-22,16,1992,1876.1522100864238,2062.4549481809668,2026.9481234952236
2017-10-29,16,1974,1921.5450081477672,1977.558269954328,2040.1918801343236
2017-11-05,16,2102,2043.9210747613895,2070.679445928247,2072.224186088773
2017-11-12,16,2174,2073.3478100392017,2129.3433430223613,2202.1272504994195
2017-11-19,16,2090,2079.845880152752,2169.9018886430927,2299.8309016833073
2017-11-26,16,2136,2089.334356420526,2178.061740624822,2278.5941056052648
2017-12-03,16,1862,1723.3017070089543,1858.7086295960012,2066.2650982157743
2017-12-10,16,1474,1545.4117995473164,1633.7653324993987,1737.0892733109054
2017-12-17,16,1485,1504.7408955535598,1606.9790190804229,1671.856575676921
2017-12-24,16,1503,1469.1398862402077,1540.9296575969497,1646.048616498415
2017-12-31,16,1438,1465.4375054589652,1551.8318013392482,1622.677272118612
2017-07-09,17,3272,3191.0938803116524,3269.5506756645877,3380.7075887648457
2017-07-16,17,3235,3134.582339318797,3330.8699920663144,3406.900517930659
2017-07-23,17,3440,3183.8936840017996,3342.505607013401,3459.566898992515
2017-07-30,17,3282,3195.8386161348058,3385.695711379129,3491.297551167565
2017-08-06,17,3104,3010.9348380555616,3147.102599327849,3323.3155908693184
2017-08-13,17,2929,2928.9459761911075,3016.907657152095,3103.5903438348505
2017-08-20,17,3006,2956.5259992337915,3038.9538484643003,3150.312008270158
2017-08-27,17,2949,2883.739573354854,2942.856783486656,3083.1107960917734
2017-09-03,17,2802,2798.7151951662727,2940.785603360313,2930.4734139264833
2017-09-10,17,2658,2675.0084025933284,2716.3387359363905,2851.5099666954584
2017-09-17,17,2781,2589.5158303012754,2697.604650611601,2840.3004882586088
2017-09-24,17,2761,2722.4438260794514,2770.287752868744,2955.21514340623
2017-10-01,17,2632,2722.200718348648,2776.2060179780174,2909.9780024126044
2017-10-08,17,2561,2547.997230085368,2591.0514870038696,2860.7270011979003
2017-10-15,17,2528,2549.150219788439,2577.432074371053,2843.8324122047215
2017-10-22,17,2547,2540.4824368374266,2586.409461453618,2844.6057301151313
2017-10-29,17,2514,2546.9044742464594,2588.8345630331696,2842.6862263215244
2017-11-05,17,2679,2485.2314577659004,2678.4077307700018,2866.530888129088
2017-11-12,17,2774,2615.6898653168814,2711.0255190672206,2852.4298109306847
2017-11-19,17,2673,2689.3703204759245,2749.5680874472328,2834.7203042731217
2017-11-26,17,2736,2574.798987951891,2705.2177935511722,2832.0793286377475
2017-12-03,17,2297,2354.3359872107126,2430.645696253714,2555.13807624977
2017-12-10,17,1928,1908.6354947211248,2045.4737200741192,2223.083181768573
2017-12-17,17,1944,1855.1925352184512,1966.1759687448903,2209.801421881326
2017-12-24,17,2000,1903.4819233961366,1965.9631698603248,2196.090827461399
2017-12-31,17,1941,1931.674495930178,1978.721537393505,2001.6312025650761
2017-07-09,18,8613,8138.397511750656,8266.350391708706,8607.639302178344
2017-07-16,18,8511,8074.570118084292,8239.412111704949,8541.015661659503
2017-07-23,18,8475,8073.471554546668,8249.313977555837,8553.034014193012
2017-07-30,18,8734,8123.489568672615,8284.315803644891,8603.130249373184
2017-08-06,18,7564,7599.249462489002,7880.300899432705,8311.663333245675
2017-08-13,18,7530,7457.26726915099,7597.8855157971575,8129.491722151896
2017-08-20,18,7503,7476.81432251601,7561.784216881961,7936.412961019065
2017-08-27,18,7652,7499.491538718933,7697.169784902506,8091.7773367171285
2017-09-03,18,7150,7458.547740352479,7383.097949375082,7534.446844595466
2017-09-10,18,7017,6915.131765854605,7058.895727842037,7313.225548099758
2017-09-17,18,6965,6887.11098969778,7083.281263748356,7234.219551312006
2017-09-24,18,6937,6866.797005076885,6984.089613416661,7194.040736600617
2017-10-01,18,6927,6708.021331893723,6978.4659070197595,7135.234764309641
2017-10-08,18,6495,6555.869900267699,6714.010470723169,6789.531411335723
2017-10-15,18,6481,6177.910120870779,6581.01434161159,6741.499423654625
2017-10-22,18,6551,6177.38303795718,6580.0939462268925,6724.712520905238
2017-10-29,18,6605,6323.896695273417,6613.578738334289,6822.965448006463
2017-11-05,18,6831,6430.96658481796,6906.265023006404,6917.555412426299
2017-11-12,18,7028,6653.902421954461,6970.729797269101,7080.310570287619
2017-11-19,18,7083,6768.584548847371,7075.920933058059,7186.601535968739
2017-11-26,18,6949,6833.610666987166,7139.000609449596,7183.540093835584
2017-12-03,18,6010,6158.668024444679,6159.323901303378,6328.657573507012
2017-12-10,18,4949,5005.026661616632,5306.80484062197,5784.066209157527
2017-12-17,18,4979,4691.053529126591,4973.498463620442,5129.625603370979
2017-12-24,18,5024,4696.3586930828615,4972.670411149367,5174.105333330087
2017-12-31,18,4985,4701.942299167555,4977.569173222157,5017.160473658785
2017-07-09,19,4196,4004.0505043940634,4115.158668274634,4110.524663996457
2017-07-16,19,4013,4088.501594550708,4152.434861146531,4225.709051870259
2017-07-23,19,4059,3867.1403152285675,3982.341132330846,4106.939192520042
2017-07-30,19,4022,4004.303882375923,3999.630102304493,4101.430428038745
2017-08-06,19,3682,3709.0848656617177,3772.4798892311637,3904.5329165093726
2017-08-13,19,3660,3554.165209506083,3662.8805922640186,3774.684531461268
2017-08-20,19,3616,3530.4991159688284,3602.988802426658,3670.9111377892746
2017-08-27,19,3535,3563.161414688579,3698.346047567991,3757.7952177532343
2017-09-03,19,3469,3520.2644344750947,3578.2825404365826,3601.100673471586
2017-09-10,19,3330,3300.6784717632927,3426.3622469678126,3558.8344749605253
2017-09-17,19,3296,3222.393048233835,3424.8386302836475,3511.4912484947063
2017-09-24,19,3413,3310.4331923071104,3410.8952475351075,3492.768681939803
2017-10-01,19,3405,3115.0735198761713,3313.900540296273,3398.2352050938503
2017-10-08,19,3108,3006.5097071628184,3242.8108494323506,3333.807116340015
2017-10-15,19,3117,3074.963004604957,3182.2926223994973,3224.013738135109
2017-10-22,19,3138,2967.05357395183,3164.5401496740747,3213.9952276423314
2017-10-29,19,3122,2965.7371407884443,3168.3880871819933,3319.665292835216
2017-11-05,19,3262,3159.356018272261,3300.5992208643115,3342.8451389425295
2017-11-12,19,3275,3163.8345534880823,3397.286640963284,3427.6845703647577
2017-11-19,19,3316,3181.2184253819614,3391.3656699093167,3466.7791279847215
2017-11-26,19,3424,3158.448150681009,3391.40485333618,3481.0660238385212
2017-12-03,19,2926,2781.464577835691,2985.418405635912,3085.6995984673686
2017-12-10,19,2374,2526.023033730665,2508.5774996566415,2569.154858769032
2017-12-17,19,2428,2332.1632516643544,2378.995716161022,2573.6984701852516
2017-12-24,19,2353,2440.3274322799466,2432.8802883380527,2628.9871743139875
2017-12-31,19,2378,2295.8766345551094,2370.2106856489454,2537.362537426919
2017-07-09,20,4694,4771.565980040494,4836.42183282045,4871.505602459862
2017-07-16,20,4682,4822.806064927074,4928.765375077166,4907.712248249835
2017-07-23,20,4673,4673.731979655385,4909.7271925021705,4906.025034300748
2017-07-30,20,4854,4834.175980332981,4937.225892954106,4852.381469671215
2017-08-06,20,4327,4376.198915652582,4602.457334520321,4613.035395484818
2017-08-13,20,4200,4254.9370632978735,4396.657956846988,4407.253110366194
2017-08-20,20,4160,4163.97633352529,4186.108085872587,4220.250395922612
2017-08-27,20,4244,4050.067012245587,4107.038227056133,4226.524787059093
2017-09-03,20,4067,4130.758896288789,4258.617795504664,4284.420114526236
2017-09-10,20,3975,3827.347392869986,3947.0618564478846,4023.5845991299825
2017-09-17,20,3989,3892.814707537438,3968.056031896536,4067.4158588113037
2017-09-24,20,3971,3904.8144355028758,3964.2687537488887,4071.194980572399
2017-10-01,20,3846,3794.521429541088,3893.624397440324,3970.0800887239466
2017-10-08,20,3698,3711.680630025381,3766.5334576630157,3908.105474196676
2017-10-15,20,3688,3542.313827983854,3710.8484835000913,3821.129743036595
2017-10-22,20,3654,3537.128032042743,3724.9815340271066,3759.376613960433
2017-10-29,20,3643,3554.55929342167,3720.2780161030328,3741.1059994323464
2017-11-05,20,3896,3717.8580489455107,3932.1288420068636,3826.4708084830536
2017-11-12,20,3926,3939.0402439775,3922.161174852197,3993.198702700015
2017-11-19,20,4005,3936.884770569721,3902.687576771638,3979.1319270686604
2017-11-26,20,3961,3975.0291902705467,3974.9391403271034,4036.090971384822
2017-12-03,20,3391,3422.379984467175,3407.2772867483604,3676.9448394195197
2017-12-10,20,2741,3011.8859928244456,3081.873877030989,3146.040155335939
2017-12-17,20,2850,2665.680838578865,2763.995119372538,2798.9811773322604
2017-12-24,20,2886,2770.591976975669,2879.3813482592614,2908.6989435083437
2017-12-31,20,2861,2804.216870358374,2831.8909153074055,2879.560441521371
