simulation,total_demand,total_sales,total_stockout,final_inventory,service_level,stockout_rate
1,2318595.8256152887,1978177.1700779255,340418.6555373633,20218.01040658261,0.8531789578086445,0.1468210421913556
2,2324515.613926856,1978288.8982760792,346226.71565077687,18686.07497934147,0.8510542525176297,0.1489457474823705
3,2334803.4109925153,1978809.1212433514,355994.28974916384,18616.441294252043,0.8475270816921446,0.15247291830785537
4,2327118.314574446,1972248.51185772,354869.80271672603,21921.041093800835,0.8475067638399726,0.15249323616002744
5,2316633.1465717065,1978172.2636466813,338460.88292502525,21962.360354573793,0.853899663213444,0.14610033678655598
6,2312050.3936759783,1969053.0681078895,342997.3255680889,20911.016106190713,0.8516479889425117,0.1483520110574883
7,2313235.1481956323,1971686.893320752,341548.25487488025,21237.509402637043,0.8523503954445382,0.14764960455546183
8,2305593.3717834633,1963741.2085040382,341852.163279425,22895.599701654934,0.8517292045236106,0.14827079547638944
9,2296294.641014548,1972223.3055031707,324071.3355113774,21308.682967149496,0.8588720586099542,0.14112794139004578
10,2309592.133160875,1967113.1101894001,342479.0229714751,20790.46800026252,0.8517145005586926,0.14828549944130748
11,2305010.333561934,1973285.4595555847,331724.8740063491,21114.416171353765,0.8560852985445255,0.14391470145547436
12,2300172.1157908584,1976413.1960558714,323758.91973498685,18042.962294452755,0.8592457853426023,0.14075421465739757
13,2303031.1271151686,1964448.9031801277,338582.22393504105,21046.343557513388,0.852984086950159,0.14701591304984105
14,2309176.992794878,1980438.7956075496,328738.1971873283,22799.074334347304,0.857638371500729,0.14236162849927106
15,2308057.4224411305,1971754.1469180263,336303.2755231044,24472.75105594683,0.8542916340584754,0.14570836594152467
16,2327259.875887388,1971160.4742957049,356099.4015916832,20020.78572998385,0.8469876934324312,0.15301230656756884
17,2323784.8779654666,1980152.8979515657,343631.9800139007,19689.131579527493,0.8521240140288892,0.1478759859711108
18,2312979.5592709514,1969044.3356991515,343935.22357179987,21625.904508251766,0.8513020911952166,0.14869790880478334
19,2312231.8201904143,1966572.0575737609,345659.76261665346,21877.883037929016,0.8505081715430297,0.14949182845697023
20,2305335.59540132,1969074.0802706557,336261.5151306643,21280.468794405784,0.8541377160872202,0.14586228391277964
21,2301547.0406921906,1963289.1667578204,338257.87393437023,23131.667483987592,0.8530302149146431,0.14696978508535682
22,2309586.5021176725,1959720.4329565642,349866.0691611081,20886.33007059747,0.8485157109983479,0.15148428900165203
23,2319360.964581394,1967792.0955149918,351568.8690664025,20570.497731282696,0.8484199422016855,0.15158005779831463
24,2317018.2715776404,1971332.5118833454,345685.7596942951,20526.65227279114,0.8508057688043521,0.14919423119564795
25,2316092.5408118786,1969298.0983143765,346794.4424975019,20650.94184600357,0.8502674498593491,0.1497325501406508
26,2338645.2113847104,1976822.424059454,361822.7873252564,21117.131536815272,0.8452853021211278,0.15471469787887207
27,2325920.3193095587,1972774.5206799614,353145.79862959747,22392.28593759446,0.8481694339664966,0.15183056603350348
28,2314125.6022866108,1972551.5190268056,341574.083259805,19190.622795876796,0.8523960484589547,0.14760395154104522
29,2325507.80183814,1981751.266651703,343756.5351864372,22295.85517503588,0.8521800120753312,0.1478199879246689
30,2308706.8881258597,1962615.839942459,346091.04818340053,23122.175267673065,0.8500931192420242,0.14990688075797576
31,2321368.2789866813,1977890.1172645225,343478.161722159,20576.449587593357,0.8520363335575115,0.14796366644248854
32,2315742.783798428,1969756.113616915,345986.67018151295,18463.32831027235,0.8505936528866114,0.1494063471133887
33,2324622.89870673,1972879.5888136895,351743.3098930404,18861.08732891437,0.8486880129724578,0.15131198702754226
34,2332444.0963263633,1983457.603488016,348986.49283834733,20845.49539570919,0.8503773387803778,0.1496226612196222
35,2308304.521218811,1975589.7680248327,332714.7531939787,21617.31805555229,0.8558618457246268,0.1441381542753733
36,2313439.6189823663,1967549.4161686753,345890.20281369105,20100.803790044614,0.8504866087813259,0.14951339121867419
37,2310498.7733245664,1970578.619134124,339920.1541904429,19885.88345002549,0.8528801840905836,0.1471198159094165
38,2316707.003373763,1969076.5134833963,347630.4898903667,20621.928024646913,0.8499462860930963,0.15005371390690364
39,2313210.9641186786,1965113.6271155565,348097.3370031222,22163.176760500744,0.8495176867122687,0.1504823132877314
40,2306481.8137972774,1962029.5488905513,344452.26490672596,21600.077265531534,0.8506590154553888,0.14934098454461117
41,2321302.042692276,1978998.6640381867,342303.3786540896,23022.159831018984,0.8525381995282778,0.1474618004717222
42,2317399.464109201,1972800.8219389278,344598.6421702732,21064.61373316167,0.8512994209642076,0.1487005790357924
43,2306908.8714961098,1957952.7614375302,348956.1100585796,23976.1166728537,0.848734332608349,0.15126566739165104
44,2299427.948580931,1968971.1024570502,330456.8461238809,22570.82488329673,0.8562873664609414,0.14371263353905872
45,2310316.970324161,1966231.342866755,344085.6274574058,23088.969732658956,0.8510656191868221,0.1489343808131778
46,2317635.1744252406,1962576.8035971299,355058.37082811096,22623.036327407932,0.8468014402153855,0.1531985597846146
47,2314559.538700141,1973090.156209595,341469.3824905458,19287.59883037908,0.8524689571466736,0.14753104285332636
48,2297860.983845467,1965133.474761602,332727.5090838652,16851.61180720591,0.8552012017162821,0.14479879828371783
49,2314842.21329912,1973275.161637538,341567.05166158185,20705.037194767985,0.8524447801672066,0.1475552198327935
50,2336263.112224481,1964903.0995951858,371360.0126292953,20633.737684415682,0.84104529550368,0.15895470449632002
51,2336983.344074187,1980895.0795192148,356088.2645549723,22601.364464213704,0.8476290960918085,0.15237090390819163
52,2318426.1340452097,1971098.8329698734,347327.3010753365,20766.859643673186,0.8501883256166903,0.14981167438330972
53,2293360.7488617976,1968043.848785501,325316.9000762965,20564.35690555082,0.8581483963053992,0.14185160369460073
54,2319995.1199740497,1968807.8144408688,351187.30553318065,20062.753452103854,0.8486258429987089,0.15137415700129095
55,2298570.6851490997,1963622.1222237668,334948.562925333,19127.507796134738,0.8542796333872125,0.1457203666127875
56,2290133.9853115645,1964813.5195509912,325320.4657605732,18953.894631969568,0.8579469726019918,0.14205302739800812
57,2323422.1743938443,1975025.2549050667,348396.9194887778,21456.760310561403,0.8500501013856121,0.14994989861438798
58,2312273.882335498,1966184.1681308714,346089.71420462686,19707.023371512463,0.8503249477284841,0.14967505227151598
59,2335966.366119729,1978348.853441785,357617.5126779438,18590.96980395206,0.8469081071265672,0.15309189287343286
60,2316710.206455887,1982088.458108975,334621.74834691157,19679.91867770473,0.855561672144218,0.1444383278557819
61,2300940.499954032,1957855.6535737906,343084.8463802414,20441.426541345343,0.850893647016472,0.14910635298352806
62,2286121.720699727,1953637.0009993557,332484.7197003714,19970.444975070797,0.8545638595312389,0.14543614046876113
63,2317537.5986766135,1977606.9243618646,339930.6743147492,19766.26595930723,0.853322477051134,0.14667752294886618
64,2324554.2416843073,1982510.5288441316,342043.7128401757,18408.94503903227,0.8528562135885716,0.14714378641142845
65,2326853.198080991,1970272.2239546082,356580.9741263826,22460.431736445735,0.8467539875654969,0.153246012434503
66,2311607.8309550895,1966830.8914910054,344776.939464084,18786.88773450718,0.8508497268234153,0.1491502731765847
67,2314827.4497783063,1973794.9708536228,341032.4789246837,21300.913309411608,0.8526747732504448,0.14732522674955525
68,2289401.4355443516,1958978.2941880098,330423.1413563417,23212.149600927925,0.8556726940822517,0.14432730591774828
69,2311707.0606390084,1976889.8458177333,334817.21482127515,19559.588868745257,0.8551645143443374,0.14483548565566265
70,2316711.7349366443,1981589.8049281235,335121.93000852066,22125.638073251677,0.8553458658862081,0.14465413411379183
71,2329297.938056203,1965370.3118377149,363927.6262184882,21025.430525572672,0.8437608086657281,0.15623919133427194
72,2308005.3074117247,1970232.4896814157,337772.81773030915,21523.68663877456,0.8536516286831685,0.1463483713168316
73,2295767.69251743,1960057.400677443,335710.29183998716,19271.280333479084,0.8537699206526149,0.14623007934738516
74,2307878.3914250615,1971601.0035695464,336277.3878555148,24088.076523119944,0.8542915479840896,0.1457084520159103
75,2341602.530136944,1982666.910495878,358935.61964106595,20359.57405753487,0.8467136864512722,0.15328631354872782
76,2311612.4024489084,1964859.4600331099,346752.94241579826,21835.007332155576,0.8499952059227358,0.1500047940772641
77,2339781.9289382473,1981473.5716709003,358308.3572673472,19141.884138522913,0.8468624990919812,0.15313750090801898
78,2327562.0915973913,1973131.1924367887,354430.8991606026,21239.306966565047,0.8477244063906545,0.1522755936093455
79,2310869.445523544,1969017.787973237,341851.6575503073,20158.593704750576,0.8520679486188549,0.14793205138114512
80,2315549.832599486,1969383.7711746744,346166.06142481166,22490.89000457718,0.8505037306684959,0.14949626933150395
81,2327787.285819487,1973948.7824234464,353838.5033960409,22727.323814251882,0.8479936265862568,0.15200637341374326
82,2322791.1980659715,1966294.4481296781,356496.7499362935,25060.60937334654,0.8465222572596608,0.15347774274033923
83,2315356.4257906475,1973574.1609866498,341782.26480399753,21391.954560728875,0.8523846000568635,0.14761539994313652
84,2323973.5695567643,1969891.2697013926,354082.2998553717,20174.124416198316,0.8476392741751777,0.15236072582482227
85,2323623.0465271175,1975792.613946952,347830.43258016574,20459.073011211025,0.8503068588943322,0.1496931411056679
86,2327672.0580965737,1974715.8683448976,352956.1897516761,21159.155270629548,0.8483651558543424,0.15163484414565764
87,2318281.0533149163,1979228.6887398965,339052.3645750199,20320.054354901622,0.8537483778810132,0.14625162211898685
88,2303494.8911066274,1969945.0776769938,333549.8134296338,19716.532034127842,0.8551983706508712,0.14480162934912885
89,2316201.170420684,1972007.7652183392,344193.40520234505,22375.85011323641,0.8513974478564701,0.14860255214353008
90,2303358.7937097694,1974277.4808379668,329081.31287180254,21121.040701203943,0.857129808100028,0.1428701918999719
91,2280009.221937292,1941751.26895061,338257.95298668207,23681.133114350752,0.8516418487556516,0.1483581512443485
92,2322462.9255244443,1975315.2060233466,347147.71950109757,21023.21406211771,0.8505260447063081,0.14947395529369184
93,2305749.0590568995,1969853.5510424275,335895.50801447214,20629.75553522956,0.8543226086572229,0.14567739134277716
94,2327944.3382000676,1985763.95779344,342180.3804066275,18334.33434107501,0.8530117860673608,0.1469882139326391
95,2315846.384047561,1974896.5188904847,340949.8651570763,20547.655088509797,0.8527752671741659,0.14722473282583415
96,2305036.377957884,1974123.9560014927,330912.4219563914,19688.203136761927,0.856439392835284,0.14356060716471591
97,2323699.20868217,1967380.2263994613,356318.98228270886,19635.068345141503,0.8466587323559892,0.15334126764401085
98,2318951.1943335147,1978059.4150893406,340891.7792441737,20706.18798969677,0.8529974325992018,0.1470025674007981
99,2306299.606731578,1970874.4480077068,335425.15872387105,20741.632536275672,0.8545613251006767,0.14543867489932327
100,2311824.3033097605,1961693.1778729213,350131.12543683924,22622.755859377285,0.8485476924281969,0.15145230757180309
