date,item,forecast_demand,production,inventory,backlog
2017-07-09,1,2277.337241582917,2277.337241582917,0.0,0.0
2017-07-09,2,5908.763850044247,5908.763850044247,0.0,0.0
2017-07-09,3,3664.1590025473743,0.0,0.0,3664.1590025473743
2017-07-09,4,2222.6009353751524,2222.6009353751524,0.0,0.0
2017-07-09,5,1895.7917594821824,1895.7917594821824,0.0,0.0
2017-07-09,6,6069.269455880833,6069.269455880833,0.0,0.0
2017-07-09,7,5853.265990431317,5853.265990431317,0.0,0.0
2017-07-09,8,7784.473866164424,7784.473866164424,0.0,0.0
2017-07-09,9,5224.920010447486,5224.920010447486,0.0,0.0
2017-07-09,10,7494.507865014669,7494.507865014669,0.0,0.0
2017-07-09,11,7103.766450249647,270.85375834767365,0.0,6832.912691901974
2017-07-09,12,7004.979561443636,7004.979561443636,0.0,0.0
2017-07-09,13,8256.97594408259,8256.97594408259,0.0,0.0
2017-07-09,14,5835.73511531982,5835.7351153198,0.0,0.0
2017-07-09,15,8249.46491073515,8249.46491073515,0.0,0.0
2017-07-09,16,2603.1185366903446,0.0,0.0,2603.1185366903446
2017-07-09,17,3269.550675664588,3269.550675664588,0.0,0.0
2017-07-09,18,8266.350391708706,8266.350391708706,0.0,0.0
2017-07-09,19,4115.158668274634,4115.158668274634,0.0,0.0
2017-07-09,20,4836.42183282045,0.0,0.0,4836.42183282045
2017-07-16,1,2248.020939685756,2248.020939685756,0.0,0.0
2017-07-16,2,5869.554672932494,5869.554672932494,0.0,0.0
2017-07-16,3,3773.452019255466,7437.611021802841,0.0,0.0
2017-07-16,4,2212.532315182863,2212.532315182863,0.0,0.0
2017-07-16,5,1884.253714161083,1884.253714161083,0.0,0.0
2017-07-16,6,5974.744273625514,5974.744273625514,0.0,0.0
2017-07-16,7,5929.8941242039,0.0,0.0,5929.894124203882
2017-07-16,8,7881.332272813407,7881.332272813407,0.0,0.0
2017-07-16,9,5199.911242783689,5199.911242783689,0.0,0.0
2017-07-16,10,7441.74493851087,7441.74493851087,0.0,0.0
2017-07-16,11,7176.341795146523,11400.517056650186,0.0,2608.7374303983106
2017-07-16,12,7149.452451720555,0.0,0.0,7149.452451720555
2017-07-16,13,8248.633615205732,3224.840844932405,0.0,5023.792770273327
2017-07-16,14,5940.636755316027,0.0,0.0,5940.636755316048
2017-07-16,15,8234.010755252253,8234.010755252253,0.0,0.0
2017-07-16,16,2665.090450058481,5268.208986748826,0.0,0.0
2017-07-16,17,3330.8699920663144,3330.8699920663144,0.0,0.0
2017-07-16,18,8239.412111704949,8239.412111704949,0.0,0.0
2017-07-16,19,4152.434861146531,4152.434861146531,0.0,0.0
2017-07-16,20,4928.765375077166,0.0,0.0,9765.187207897616
2017-07-23,1,2284.6754389987764,0.0,0.0,2284.6754389987764
2017-07-23,2,5888.871055305394,5888.871055305394,0.0,0.0
2017-07-23,3,3772.093686223076,3772.093686223076,0.0,0.0
2017-07-23,4,2266.887734503664,0.0,0.0,2266.887734503664
2017-07-23,5,1880.1891766626236,1880.1891766626236,0.0,0.0
2017-07-23,6,5988.78514340799,5988.78514340799,0.0,0.0
2017-07-23,7,5880.144052727326,0.0,0.0,11810.038176931208
2017-07-23,8,7893.031074358223,7589.528505271512,0.0,303.5025690867119
2017-07-23,9,5252.366269441024,5252.366269441024,0.0,0.0
2017-07-23,10,7408.180083260076,0.0,0.0,7408.180083260076
2017-07-23,11,7069.300042106255,9678.037472504566,0.0,0.0
2017-07-23,12,7099.312206974724,14248.76465869528,0.0,0.0
2017-07-23,13,8240.569064014924,0.0,0.0,13264.361834288251
2017-07-23,14,5937.422795906066,11878.059551222115,0.0,0.0
2017-07-23,15,8249.14376436635,8249.14376436635,0.0,0.0
2017-07-23,16,2678.0444945179224,0.0,0.0,2678.0444945179215
2017-07-23,17,3342.505607013401,3342.505607013401,0.0,0.0
2017-07-23,18,8249.313977555837,8249.313977555837,0.0,0.0
2017-07-23,19,3982.341132330846,3982.341132330846,0.0,0.0
2017-07-23,20,4909.7271925021705,0.0,0.0,14674.914400399786
2017-07-30,1,2281.343411828304,0.0,0.0,4566.01885082708
2017-07-30,2,5910.523628041805,5910.523628041805,0.0,0.0
2017-07-30,3,3713.170067947749,3713.170067947749,0.0,0.0
2017-07-30,4,2161.309823712324,4428.1975582159885,0.0,0.0
2017-07-30,5,1896.350357222494,1896.350357222494,0.0,0.0
2017-07-30,6,6124.000119881865,6124.000119881865,0.0,0.0
2017-07-30,7,6080.599968439335,17176.971537466165,0.0,713.666607904381
2017-07-30,8,7983.258769532902,8286.761338619614,0.0,0.0
2017-07-30,9,5143.796204586175,5143.796204586175,0.0,0.0
2017-07-30,10,7491.209841939623,14899.389925199699,0.0,0.0
2017-07-30,11,7251.977089836564,0.0,0.0,7251.977089836564
2017-07-30,12,7351.015057349492,0.0,0.0,7351.015057349492
2017-07-30,13,8259.320160156542,0.0,0.0,21523.681994444793
2017-07-30,14,6032.162276459148,6032.162276459148,0.0,0.0
2017-07-30,15,8253.20717064942,0.0,0.0,8253.20717064942
2017-07-30,16,2609.03626930832,4104.731080409911,0.0,1182.3496834163311
2017-07-30,17,3385.695711379129,0.0,0.0,3385.695711379129
2017-07-30,18,8284.315803644891,8284.315803644891,0.0,0.0
2017-07-30,19,3999.630102304493,3999.630102304493,0.0,0.0
2017-07-30,20,4937.225892954106,0.0,0.0,19612.140293353892
2017-08-06,1,2112.5983997970225,0.0,0.0,6678.617250624103
2017-08-06,2,5603.027998309569,5603.027998309569,0.0,0.0
2017-08-06,3,3577.233895027374,0.0,0.0,3577.233895027374
2017-08-06,4,2112.7862788926795,2112.7862788926795,0.0,0.0
2017-08-06,5,1731.5375753206174,1731.5375753206174,0.0,0.0
2017-08-06,6,5549.59261676342,0.0,0.0,5549.59261676342
2017-08-06,7,5648.54445150171,6362.2110594060905,0.0,0.0
2017-08-06,8,7261.353012518579,2916.211777802168,0.0,4345.141234716411
2017-08-06,9,4893.644507211823,0.0,0.0,4893.644507211823
2017-08-06,10,6766.535684008096,6766.535684008096,0.0,0.0
2017-08-06,11,6641.2566972027325,7561.94900807311,0.0,6331.284778966183
2017-08-06,12,6531.060761451159,0.0,0.0,13882.075818800651
2017-08-06,13,8078.31613098152,17244.559232862346,0.0,12357.43889256398
2017-08-06,14,5642.425310338687,5642.425310338687,0.0,0.0
2017-08-06,15,8164.63414526797,0.0,0.0,16417.84131591739
2017-08-06,16,2440.152092149706,0.0,0.0,3622.501775566037
2017-08-06,17,3147.102599327849,6532.798310706978,0.0,0.0
2017-08-06,18,7880.300899432705,7880.300899432705,0.0,0.0
2017-08-06,19,3772.479889231164,3772.479889231164,0.0,0.0
2017-08-06,20,4602.457334520321,15873.176975615777,0.0,8341.420652258435
2017-08-13,1,1926.7513741540977,8605.3686247782,0.0,0.0
2017-08-13,2,5255.412739165469,5255.412739165469,0.0,0.0
2017-08-13,3,3369.822026801889,575.9107754941942,0.0,6371.145146335069
2017-08-13,4,1974.926134622274,0.0,0.0,1974.926134622274
2017-08-13,5,1622.79177177213,1622.79177177213,0.0,0.0
2017-08-13,6,5314.2884218685485,0.0,0.0,10863.881038631967
2017-08-13,7,5207.608657008626,5207.608657008626,0.0,0.0
2017-08-13,8,7057.869384576146,11403.010619292558,0.0,0.0
2017-08-13,9,4603.181984873004,9496.826492084827,0.0,0.0
2017-08-13,10,6606.454552939315,0.0,0.0,6606.454552939315
2017-08-13,11,6364.194962758125,12695.479741724308,0.0,0.0
2017-08-13,12,6366.543125160122,9699.76040667216,0.0,10548.858537288614
2017-08-13,13,7640.37752686109,0.0,0.0,19997.81641942507
2017-08-13,14,5237.273353989371,5237.273353989391,0.0,0.0
2017-08-13,15,8076.979349613681,0.0,0.0,24494.82066553107
2017-08-13,16,2300.381277238833,5922.883052804869,0.0,0.0
2017-08-13,17,3016.907657152095,3016.907657152095,0.0,0.0
2017-08-13,18,7597.885515797157,7597.885515797157,0.0,0.0
2017-08-13,19,3662.8805922640186,3662.8805922640186,0.0,0.0
2017-08-13,20,4396.657956846988,0.0,0.0,12738.078609105423
2017-08-20,1,1914.420822927961,0.0,0.0,1914.420822927961
2017-08-20,2,5239.046300388276,613.6106832203059,0.0,4625.43561716797
2017-08-20,3,3347.816748199178,0.0,0.0,9718.961894534246
2017-08-20,4,1978.8582611891136,3953.7843958113876,0.0,0.0
2017-08-20,5,1606.8427640471598,0.0,0.0,1606.8427640471598
2017-08-20,6,5215.1639692128965,0.0,0.0,16079.045007844863
2017-08-20,7,5167.787655080348,0.0,0.0,5167.787655080348
2017-08-20,8,6711.377578888891,4756.3981649000525,0.0,1954.9794139888381
2017-08-20,9,4586.203717192244,0.0,0.0,4586.203717192244
2017-08-20,10,6610.077141286727,13216.531694226043,0.0,0.0
2017-08-20,11,6264.928202035944,0.0,0.0,6264.928202035944
2017-08-20,12,6278.561339797512,16827.419877086126,0.0,0.0
2017-08-20,13,7766.42565643277,0.0,0.0,27764.242075857837
2017-08-20,14,5298.485053800449,5298.48505380043,0.0,0.0
2017-08-20,15,7915.73955278329,32410.56021831436,0.0,0.0
2017-08-20,16,2322.471847295076,2322.471847295076,0.0,0.0
2017-08-20,17,3038.9538484643003,3038.9538484643003,0.0,0.0
2017-08-20,18,7561.784216881961,7561.784216881961,0.0,0.0
2017-08-20,19,3602.988802426658,0.0,0.0,3602.988802426658
2017-08-20,20,4186.108085872587,0.0,0.0,16924.18669497801
2017-08-27,1,1971.6161853392643,3886.0370082672252,0.0,0.0
2017-08-27,2,5180.607833409678,9806.043450577648,0.0,0.0
2017-08-27,3,3343.3392542070114,0.0,0.0,13062.301148741259
2017-08-27,4,1959.8080132093448,1959.8080132093448,0.0,0.0
2017-08-27,5,1648.2331456879035,0.0,0.0,3255.0759097350633
2017-08-27,6,5319.817029164055,21398.86203700892,0.0,0.0
2017-08-27,7,5218.73790112724,3895.03260580931,0.0,6491.492950398277
2017-08-27,8,6822.291914926058,8777.271328914896,0.0,0.0
2017-08-27,9,4642.279411832829,9228.483129025073,0.0,0.0
2017-08-27,10,6594.120301763974,6594.120301763974,0.0,0.0
2017-08-27,11,6263.1888863746535,10133.018886699889,0.0,2395.0982017107085
2017-08-27,12,6358.73008587792,6358.73008587792,0.0,0.0
2017-08-27,13,7421.778860272501,0.0,0.0,35186.02093613034
2017-08-27,14,5215.624977179758,0.0,0.0,5215.624977179681
2017-08-27,15,7962.593152845717,7962.593152845717,0.0,0.0
2017-08-27,16,2237.396042477666,0.0,0.0,2237.396042477666
2017-08-27,17,2942.856783486656,0.0,0.0,2942.856783486656
2017-08-27,18,7697.169784902506,0.0,0.0,7697.169784902506
2017-08-27,19,3698.346047567991,0.0,0.0,7301.334849994649
2017-08-27,20,4107.038227056133,0.0,0.0,21031.22492203414
2017-09-03,1,1899.924116277276,1899.924116277276,0.0,0.0
2017-09-03,2,5181.259463429951,0.0,0.0,5181.259463429951
2017-09-03,3,3199.663351946915,9218.983426113855,0.0,7042.981074574318
2017-09-03,4,1878.090112120288,1873.9601306134757,0.0,4.129981506812333
2017-09-03,5,1596.6566295317984,4851.732539266862,0.0,0.0
2017-09-03,6,5260.495125329606,0.0,0.0,5260.495125329606
2017-09-03,7,5292.875265656052,11784.368216054329,0.0,0.0
2017-09-03,8,6691.899454226357,0.0,0.0,6691.899454226357
2017-09-03,9,4536.147293050178,4536.147293050235,0.0,0.0
2017-09-03,10,6437.108938911329,6437.108938911329,0.0,0.0
2017-09-03,11,6242.019685237002,0.0,0.0,8637.11788694771
2017-09-03,12,6005.330637621135,6005.330637621135,0.0,0.0
2017-09-03,13,7360.761356175002,0.0,0.0,42546.782292305346
2017-09-03,14,5243.558786602867,0.0,0.0,10459.183763782548
2017-09-03,15,7632.320167706044,7632.320167706044,0.0,0.0
2017-09-03,16,2333.0476224544227,4570.443664932089,0.0,0.0
2017-09-03,17,2940.785603360313,0.0,0.0,5883.642386846968
2017-09-03,18,7383.097949375082,15080.267734277588,0.0,0.0
2017-09-03,19,3578.2825404365826,0.0,0.0,10879.61739043123
2017-09-03,20,4258.617795504664,16109.413135175972,0.0,9180.42958236284
2017-09-10,1,1818.433110403733,0.0,0.0,1818.433110403733
2017-09-10,2,4946.807385557409,0.0,0.0,10128.06684898736
2017-09-10,3,3116.374173730088,0.0,0.0,10159.355248304406
2017-09-10,4,1849.6378548861344,1853.7678363929467,0.0,0.0
2017-09-10,5,1550.789059598502,0.0,0.0,1550.789059598502
2017-09-10,6,4928.731931344403,0.0,0.0,10189.227056674008
2017-09-10,7,4895.50650060557,0.0,0.0,4895.50650060557
2017-09-10,8,6506.849962780636,13198.74941700704,0.0,0.0
2017-09-10,9,4378.406304058205,0.0,0.0,4378.406304058148
2017-09-10,10,6262.729795301044,0.0,0.0,6262.729795301044
2017-09-10,11,5883.889604107573,0.0,0.0,14521.007491055283
2017-09-10,12,5927.287953596878,0.0,0.0,5927.287953596878
2017-09-10,13,7195.572562845577,49742.354855150916,0.0,0.0
2017-09-10,14,5031.967200699987,15491.150964482536,0.0,0.0
2017-09-10,15,7528.646407959459,0.0,0.0,7528.646407959459
2017-09-10,16,2245.5031448255468,0.0,0.0,2245.5031448255468
2017-09-10,17,2716.3387359363905,0.0,0.0,8599.98112278336
2017-09-10,18,7058.895727842037,7058.895727842037,0.0,0.0
2017-09-10,19,3426.362246967813,2655.0811991244877,0.0,11650.898438274555
2017-09-10,20,3947.061856447885,0.0,0.0,13127.491438810725
2017-09-17,1,1833.388433878734,3651.8215442824667,0.0,0.0
2017-09-17,2,4884.521522598069,15012.588371585429,0.0,0.0
2017-09-17,3,3049.7916471815743,0.0,0.0,13209.146895485981
2017-09-17,4,1857.7487251535929,1003.5433484025191,0.0,854.2053767510738
2017-09-17,5,1580.4295739086604,3131.2186335071624,0.0,0.0
2017-09-17,6,4851.411067227495,0.0,0.0,15040.638123901503
2017-09-17,7,4872.851570440833,0.0,0.0,9768.358071046403
2017-09-17,8,6525.061693476317,6525.061693476317,0.0,0.0
2017-09-17,9,4250.9963202685085,6397.607053782787,0.0,2231.795570543869
2017-09-17,10,6148.174563856111,0.0,0.0,12410.904359157154
2017-09-17,11,5829.472954525907,0.0,0.0,20350.48044558119
2017-09-17,12,5928.746317581467,11856.034271178345,0.0,0.0
2017-09-17,13,7082.920772038366,0.0,0.0,7082.920772038366
2017-09-17,14,4946.112009334274,0.0,0.0,4946.112009334274
2017-09-17,15,7401.213931349554,4635.669099576626,0.0,10294.191239732387
2017-09-17,16,2146.5334502389587,4392.0365950645055,0.0,0.0
2017-09-17,17,2697.604650611601,11297.58577339496,0.0,0.0
2017-09-17,18,7083.281263748356,7083.281263748356,0.0,0.0
2017-09-17,19,3424.8386302836475,15013.552352000508,0.0,62.184716557695715
2017-09-17,20,3968.056031896536,0.0,0.0,17095.54747070726
2017-09-24,1,1849.485566739481,1849.4855667394813,0.0,0.0
2017-09-24,2,4929.8024235548255,4929.8024235548255,0.0,0.0
2017-09-24,3,2944.47913631958,0.0,0.0,16153.626031805561
2017-09-24,4,1821.841128799961,2676.046505551035,0.0,0.0
2017-09-24,5,1549.2268165997675,0.0,0.0,1549.226816599768
2017-09-24,6,4870.3104696576165,0.0,0.0,19910.94859355912
2017-09-24,7,4915.674366512797,14684.032437559199,0.0,0.0
2017-09-24,8,6329.813907024954,0.0,0.0,6329.813907024954
2017-09-24,9,4332.485796415443,0.0,0.0,6564.2813669593115
2017-09-24,10,6183.799896769764,18594.704255926918,0.0,0.0
2017-09-24,11,5873.4786701733765,0.0,0.0,26223.959115754566
2017-09-24,12,5707.8750438022535,5707.8750438022535,0.0,0.0
2017-09-24,13,6997.152193204458,0.0,0.0,14080.072965242824
2017-09-24,14,4844.042289219931,0.0,0.0,9790.154298554206
2017-09-24,15,7433.75854980904,17727.949789541428,0.0,0.0
2017-09-24,16,2105.3910543801785,0.0,0.0,2105.3910543801785
2017-09-24,17,2770.287752868744,2770.287752868744,0.0,0.0
2017-09-24,18,6984.089613416661,0.0,0.0,6984.089613416661
2017-09-24,19,3410.8952475351075,0.0,0.0,3473.079964092803
2017-09-24,20,3964.2687537488887,21059.81622445615,0.0,0.0
2017-10-01,1,1800.5696486788595,1800.5696486788595,0.0,0.0
2017-10-01,2,4980.884826244979,0.0,0.0,4980.884826244976
2017-10-01,3,3017.326683312702,13047.004409563498,0.0,6123.948305554762
2017-10-01,4,1718.6760659929614,1718.6760659929614,0.0,0.0
2017-10-01,5,1555.3253882193465,0.0,0.0,3104.5522048191146
2017-10-01,6,4843.690085813071,23765.028546808313,0.0,989.6101325639038
2017-10-01,7,4698.133891253286,4698.133891253286,0.0,0.0
2017-10-01,8,6375.5925769936375,12705.406484018591,0.0,0.0
2017-10-01,9,4118.224785030756,10682.506151990066,0.0,0.0
2017-10-01,10,6116.993509813868,6116.993509813868,0.0,0.0
2017-10-01,11,5535.043622351551,0.0,0.0,31759.002738106115
2017-10-01,12,5605.40438396553,0.0,0.0,5605.40438396553
2017-10-01,13,7079.3908089718425,0.0,0.0,21159.463774214666
2017-10-01,14,4789.055566835031,0.0,0.0,14579.209865389235
2017-10-01,15,7305.470479863244,7305.470479863244,0.0,0.0
2017-10-01,16,2161.195360196809,4266.586414576987,0.0,0.0
2017-10-01,17,2776.2060179780174,0.0,0.0,2776.2060179780174
2017-10-01,18,6978.46590701976,0.0,0.0,13962.555520436421
2017-10-01,19,3313.900540296273,0.0,0.0,6786.980504389076
2017-10-01,20,3893.624397440324,3893.624397440324,0.0,0.0
2017-10-08,1,1753.0670288360693,1753.0670288360693,0.0,0.0
2017-10-08,2,4697.381294289466,0.0,0.0,9678.266120534441
2017-10-08,3,2836.212090495087,0.0,0.0,8960.160396049849
2017-10-08,4,1736.7853647182658,0.0,0.0,1736.7853647182658
2017-10-08,5,1432.0538732478112,2606.0729363596615,0.0,1930.5331417072648
2017-10-08,6,4640.190909997878,0.0,0.0,5629.801042561782
2017-10-08,7,4630.0541038806905,4630.0541038806905,0.0,0.0
2017-10-08,8,6214.108205047878,0.0,0.0,6214.108205047878
2017-10-08,9,3952.8885262672616,0.0,0.0,3952.8885262672616
2017-10-08,10,5876.908180969734,5876.908180969734,0.0,0.0
2017-10-08,11,5439.138490977441,0.0,0.0,37198.14122908356
2017-10-08,12,5621.769184986371,10846.777755496516,0.0,380.39581345538545
2017-10-08,13,6755.379038364744,0.0,0.0,27914.84281257941
2017-10-08,14,4701.535896665289,19280.745762054525,0.0,0.0
2017-10-08,15,6911.149584118194,6911.149584118194,0.0,0.0
2017-10-08,16,2021.609798321717,2021.609798321717,0.0,0.0
2017-10-08,17,2591.0514870038696,5367.257504981887,0.0,0.0
2017-10-08,18,6714.010470723169,20676.56599115959,0.0,0.0
2017-10-08,19,3242.8108494323506,10029.791353821425,0.0,0.0
2017-10-08,20,3766.533457663016,0.0,0.0,3766.533457663016
2017-10-15,1,1721.619893281707,596.8674311015184,0.0,1124.7524621801886
2017-10-15,2,4511.405759008054,0.0,0.0,14189.671879542495
2017-10-15,3,2845.964452915913,0.0,0.0,11806.124848965763
2017-10-15,4,1677.355262498618,0.0,0.0,3414.140627216884
2017-10-15,5,1414.2840783152487,0.0,0.0,3344.8172200225135
2017-10-15,6,4541.49148321065,4989.793000297755,0.0,5181.499525474676
2017-10-15,7,4509.109557969962,0.0,0.0,4509.109557969962
2017-10-15,8,6040.030136284686,12254.138341332564,0.0,0.0
2017-10-15,9,3942.479563890289,7895.36809015755,0.0,0.0
2017-10-15,10,5623.1189599393765,5623.1189599393765,0.0,0.0
2017-10-15,11,5432.765851630204,0.0,0.0,42630.90708071376
2017-10-15,12,5402.263612067433,5782.659425522819,0.0,0.0
2017-10-15,13,6582.452816766428,34497.29562934584,0.0,0.0
2017-10-15,14,4694.286339023079,0.0,0.0,4694.286339023079
2017-10-15,15,6937.221328687854,6937.221328687854,0.0,0.0
2017-10-15,16,1978.2636235868215,1978.2636235868215,0.0,0.0
2017-10-15,17,2577.432074371053,2577.432074371053,0.0,0.0
2017-10-15,18,6581.01434161159,6581.01434161159,0.0,0.0
2017-10-15,19,3182.2926223994973,286.82775404526046,0.0,2895.464868354237
2017-10-15,20,3710.8484835000913,0.0,0.0,7477.3819411631075
2017-10-22,1,1717.0086560706131,0.0,0.0,2841.7611182508017
2017-10-22,2,4466.827478283243,18656.499357825734,0.0,0.0
2017-10-22,3,2788.561013570016,1522.6774554287326,0.0,13072.00840710707
2017-10-22,4,1737.2258428826851,0.0,0.0,5151.366470099569
2017-10-22,5,1475.645425802972,0.0,0.0,4820.462645825486
2017-10-22,6,4472.887756299734,9654.38728177441,0.0,0.0
2017-10-22,7,4455.099035538739,8964.208593508702,0.0,0.0
2017-10-22,8,6038.893754147319,6038.893754147319,0.0,0.0
2017-10-22,9,3885.498873005432,0.0,0.0,3885.498873005432
2017-10-22,10,5760.434992185036,5760.434992185036,0.0,0.0
2017-10-22,11,5397.615386805594,0.0,0.0,48028.52246751935
2017-10-22,12,5486.393411708524,5486.393411708524,0.0,0.0
2017-10-22,13,6550.456688014052,6550.456688014052,0.0,0.0
2017-10-22,14,4521.389373780806,9215.675712803884,0.0,0.0
2017-10-22,15,6971.751646045632,6971.751646045632,0.0,0.0
2017-10-22,16,2062.4549481809668,2062.4549481809668,0.0,0.0
2017-10-22,17,2586.409461453618,0.0,0.0,2586.409461453618
2017-10-22,18,6580.0939462268925,3056.1611403486777,0.0,3523.932805878215
2017-10-22,19,3164.5401496740747,6060.005018028312,0.0,0.0
2017-10-22,20,3724.9815340271066,0.0,0.0,11202.363475190214
2017-10-29,1,1675.937379875057,4517.698498125859,0.0,0.0
2017-10-29,2,4542.855687646363,4542.855687646363,0.0,0.0
2017-10-29,3,2898.12184095276,15970.13024805983,0.0,0.0
2017-10-29,4,1649.126874413343,6800.493344512897,0.0,0.0
2017-10-29,5,1401.6710005510852,6222.133646376571,0.0,0.0
2017-10-29,6,4522.829069669684,4522.829069669684,0.0,0.0
2017-10-29,7,4713.176423943922,0.0,0.0,4713.176423943922
2017-10-29,8,6104.659957892388,0.0,0.0,6104.659957892388
2017-10-29,9,3814.1926799563225,7699.6915529617545,0.0,0.0
2017-10-29,10,5745.558244009961,0.0,0.0,5745.558244009961
2017-10-29,11,5398.64886523837,0.0,0.0,53427.17133275772
2017-10-29,12,5436.585755617114,5436.585755617114,0.0,0.0
2017-10-29,13,6580.188502425494,0.0,0.0,6580.188502425494
2017-10-29,14,4502.939569491055,4502.939569491055,0.0,0.0
2017-10-29,15,6791.125321653453,6791.125321653453,0.0,0.0
2017-10-29,16,1977.558269954328,1977.558269954328,0.0,0.0
2017-10-29,17,2588.8345630331696,5175.244024486788,0.0,0.0
2017-10-29,18,6613.578738334289,918.0735201510524,0.0,9219.43802406145
2017-10-29,19,3168.3880871819933,0.0,0.0,3168.3880871819924
2017-10-29,20,3720.2780161030328,14922.641491293247,0.0,0.0
2017-11-05,1,1817.53508485267,1817.53508485267,0.0,0.0
2017-11-05,2,4766.823263728923,4766.823263728923,0.0,0.0
2017-11-05,3,3029.8537348323493,3029.8537348323493,0.0,0.0
2017-11-05,4,1796.1655837917187,0.0,0.0,1796.1655837917208
2017-11-05,5,1498.2953216211477,1498.2953216211477,0.0,0.0
2017-11-05,6,4821.57792669236,4821.57792669236,0.0,0.0
2017-11-05,7,4716.046166140626,0.0,0.0,9429.222590084548
2017-11-05,8,6345.321542280326,2962.332607428862,0.0,9487.648892743851
2017-11-05,9,4173.834397083045,4173.834397083045,0.0,0.0
2017-11-05,10,6062.884054320856,11808.442298330818,0.0,0.0
2017-11-05,11,5758.138175339443,3338.717471588627,0.0,55846.59203650855
2017-11-05,12,5653.217548080817,5653.217548080817,0.0,0.0
2017-11-05,13,6810.055173394967,13390.24367582046,0.0,0.0
2017-11-05,14,4668.950956949538,4668.950956949538,0.0,0.0
2017-11-05,15,7195.385489224283,7195.385489224283,0.0,0.0
2017-11-05,16,2070.679445928247,2070.679445928247,0.0,0.0
2017-11-05,17,2678.4077307700018,2678.4077307700018,0.0,0.0
2017-11-05,18,6906.265023006404,16125.703047067855,0.0,0.0
2017-11-05,19,3300.5992208643115,0.0,0.0,6468.987308046304
2017-11-05,20,3932.128842006864,0.0,0.0,3932.128842006864
2017-11-12,1,1827.8906856932977,1827.8906856932977,0.0,0.0
2017-11-12,2,4854.143105609712,4854.143105609712,0.0,0.0
2017-11-12,3,2946.3576993594843,2946.3576993594843,0.0,0.0
2017-11-12,4,1870.6575250398955,0.0,0.0,3666.823108831616
2017-11-12,5,1538.100783599417,1538.100783599417,0.0,0.0
2017-11-12,6,4860.423097581216,0.0,0.0,4860.423097581216
2017-11-12,7,4927.677490632113,0.0,0.0,14356.900080716661
2017-11-12,8,6382.052965366456,15869.701858110308,0.0,0.0
2017-11-12,9,4272.422558534285,4272.422558534285,0.0,0.0
2017-11-12,10,6253.483139773628,0.0,0.0,6253.483139773628
2017-11-12,11,5844.594407362608,23592.242743428167,0.0,38098.94370044299
2017-11-12,12,5780.374692026252,5780.374692026252,0.0,0.0
2017-11-12,13,7118.025578442528,7118.025578442528,0.0,0.0
2017-11-12,14,4908.897762144862,0.0,0.0,4908.897762144862
2017-11-12,15,7375.720481068387,7375.720481068387,0.0,0.0
2017-11-12,16,2129.3433430223613,0.0,0.0,2129.3433430223613
2017-11-12,17,2711.025519067221,0.0,0.0,2711.025519067222
2017-11-12,18,6970.729797269101,6970.729797269101,0.0,0.0
2017-11-12,19,3397.286640963284,0.0,0.0,9866.273949009588
2017-11-12,20,3922.161174852197,7854.29001685906,0.0,0.0
2017-11-19,1,1763.199263296211,0.0,0.0,1763.199263296211
2017-11-19,2,4948.846714489126,4948.846714489126,0.0,0.0
2017-11-19,3,3160.633177448784,3160.633177448784,0.0,0.0
2017-11-19,4,1813.5846779026124,0.0,0.0,5480.4077867342285
2017-11-19,5,1584.8115306456014,1584.8115306456014,0.0,0.0
2017-11-19,6,4888.188047464024,0.0,0.0,9748.61114504524
2017-11-19,7,4896.956443074917,0.0,0.0,19253.85652379158
2017-11-19,8,6378.169978474841,6378.169978474841,0.0,0.0
2017-11-19,9,4346.345363209637,0.0,0.0,4346.345363209637
2017-11-19,10,6260.034580767757,12513.517720541386,0.0,0.0
2017-11-19,11,5860.745670573565,40033.970411157316,0.0,3925.7189598592377
2017-11-19,12,5830.045964417169,5830.045964417169,0.0,0.0
2017-11-19,13,7050.291239711924,0.0,0.0,7050.291239711924
2017-11-19,14,4948.991896934383,0.0,0.0,9857.889659079156
2017-11-19,15,7348.071694388611,7348.071694388611,0.0,0.0
2017-11-19,16,2169.9018886430927,4299.245231665454,0.0,0.0
2017-11-19,17,2749.5680874472328,0.0,0.0,5460.593606514447
2017-11-19,18,7075.920933058059,0.0,0.0,7075.920933058065
2017-11-19,19,3391.3656699093167,0.0,0.0,13257.639618918905
2017-11-19,20,3902.687576771638,3902.687576771638,0.0,0.0
2017-11-26,1,1781.874338097658,0.0,0.0,3545.073601393869
2017-11-26,2,4837.377840365271,4837.377840365271,0.0,0.0
2017-11-26,3,3141.5246667233505,0.0,0.0,3141.5246667233505
2017-11-26,4,1792.665166474355,0.0,0.0,7273.072953208583
2017-11-26,5,1586.2922227793808,1586.2922227793808,0.0,0.0
2017-11-26,6,4889.612312567787,4993.423349237988,0.0,9644.80010837504
2017-11-26,7,4904.327148160454,13281.268458006618,0.0,10876.915213945415
2017-11-26,8,6418.842798758788,6418.842798758788,0.0,0.0
2017-11-26,9,4287.101833351422,0.0,0.0,8633.44719656106
2017-11-26,10,6106.650493923007,0.0,0.0,6106.650493923007
2017-11-26,11,5900.280321105828,9825.999280965065,0.0,0.0
2017-11-26,12,5852.279303012184,0.0,0.0,5852.279303012184
2017-11-26,13,6890.927262818617,12564.308440796476,0.0,1376.9100617340644
2017-11-26,14,4864.0252171637885,14721.914876242943,0.0,0.0
2017-11-26,15,7451.760451829912,7451.760451829912,0.0,0.0
2017-11-26,16,2178.061740624822,2178.061740624822,0.0,0.0
2017-11-26,17,2705.217793551172,8165.811400065619,0.0,0.0
2017-11-26,18,7139.000609449596,0.0,0.0,14214.921542507662
2017-11-26,19,3391.40485333618,0.0,0.0,16649.044472255086
2017-11-26,20,3974.939140327104,3974.939140327104,0.0,0.0
2017-12-03,1,1700.5259444567946,5245.599545850664,0.0,0.0
2017-12-03,2,4298.4176666339135,4298.4176666339135,0.0,0.0
2017-12-03,3,2700.305680654648,5841.830347377998,0.0,0.0
2017-12-03,4,1613.7284110658202,8886.801364274404,0.0,0.0
2017-12-03,5,1325.14303257759,0.0,0.0,1325.1430325775905
2017-12-03,6,4264.910643560566,13909.710751935607,0.0,0.0
2017-12-03,7,4275.78241943147,0.0,0.0,15152.697633376883
2017-12-03,8,5711.525813796248,5711.525813796248,0.0,0.0
2017-12-03,9,3748.377197420212,12381.824393981271,0.0,0.0
2017-12-03,10,5435.228920798543,0.0,0.0,11541.87941472155
2017-12-03,11,5000.875770840943,0.0,0.0,5000.875770840944
2017-12-03,12,5048.489501215213,0.0,0.0,10900.768804227397
2017-12-03,13,6259.060779410939,0.0,0.0,7635.970841145004
2017-12-03,14,4291.747880024652,0.0,0.0,4291.747880024652
2017-12-03,15,6393.195625660728,6393.195625660728,0.0,0.0
2017-12-03,16,1858.7086295960007,1858.7086295960007,0.0,0.0
2017-12-03,17,2430.645696253714,2430.645696253714,0.0,0.0
2017-12-03,18,6159.323901303378,0.0,0.0,20374.24544381094
2017-12-03,19,2985.418405635912,19634.462877890997,0.0,0.0
2017-12-03,20,3407.2772867483604,3407.2772867483604,0.0,0.0
2017-12-10,1,1387.4251612126586,0.0,0.0,1387.425161212659
2017-12-10,2,3685.021850645745,3685.021850645745,0.0,0.0
2017-12-10,3,2323.1829621512347,0.0,0.0,2323.1829621512347
2017-12-10,4,1383.2491968126192,1383.2491968126174,0.0,0.0
2017-12-10,5,1118.0077111019511,0.0,0.0,2443.150743679542
2017-12-10,6,3696.1843759912745,3696.1843759912745,0.0,0.0
2017-12-10,7,3681.3537594355216,18834.051392812406,0.0,0.0
2017-12-10,8,4848.9100917834985,1001.350700748015,0.0,3847.5593910354837
2017-12-10,9,3496.404821247016,3496.404821247016,0.0,0.0
2017-12-10,10,4627.136223083509,0.0,0.0,16169.01563780506
2017-12-10,11,4295.11064517864,0.0,0.0,9295.986416019583
2017-12-10,12,4221.052156412176,15121.820960639572,0.0,0.0
2017-12-10,13,5322.552743369073,12958.523584514076,0.0,0.0
2017-12-10,14,3667.715417600576,0.0,0.0,7959.463297625222
2017-12-10,15,5547.494774229976,0.0,0.0,5547.4947742299755
2017-12-10,16,1633.7653324993987,1633.7653324993987,0.0,0.0
2017-12-10,17,2045.4737200741192,0.0,0.0,2045.473720074117
2017-12-10,18,5306.80484062197,25681.050284432913,0.0,0.0
2017-12-10,19,2508.577499656641,2508.577499656641,0.0,0.0
2017-12-10,20,3081.873877030989,0.0,0.0,3081.873877030989
2017-12-17,1,1284.0415626198385,0.0,0.0,2671.466723832497
2017-12-17,2,3528.124922821213,905.1746495135276,0.0,2622.9502733076856
2017-12-17,3,2145.6950976016924,4468.878059752928,0.0,0.0
2017-12-17,4,1289.5953773922618,0.0,0.0,1289.5953773922583
2017-12-17,5,1101.826733890412,3544.977477569954,0.0,0.0
2017-12-17,6,3563.997635778141,3563.997635778141,0.0,0.0
2017-12-17,7,3531.0124617884885,0.0,0.0,3531.0124617884917
2017-12-17,8,4506.946983629937,8354.50637466542,0.0,0.0
2017-12-17,9,2955.8892197162604,0.0,0.0,2955.8892197162672
2017-12-17,10,4304.480700198286,20473.496338003344,0.0,0.0
2017-12-17,11,4100.341333145631,13396.327749165215,0.0,0.0
2017-12-17,12,4012.127352305406,4012.127352305406,0.0,0.0
2017-12-17,13,5016.120735125315,0.0,0.0,5016.120735125289
2017-12-17,14,3590.3318822033625,11549.795179828585,0.0,0.0
2017-12-17,15,5117.703807343809,5887.225762953744,0.0,4777.97281862004
2017-12-17,16,1606.9790190804229,1606.9790190804229,0.0,0.0
2017-12-17,17,1966.1759687448905,4011.6496888190077,0.0,0.0
2017-12-17,18,4973.498463620442,0.0,0.0,4973.498463620463
2017-12-17,19,2378.995716161022,2378.995716161022,0.0,0.0
2017-12-17,20,2763.995119372538,5845.8689964035275,0.0,0.0
2017-12-24,1,1323.3436272511997,3994.8103510836963,0.0,0.0
2017-12-24,2,3592.9059190758567,6215.856192383542,0.0,0.0
2017-12-24,3,2254.0687368368453,2254.0687368368453,0.0,0.0
2017-12-24,4,1339.0406832537865,2628.636060646045,0.0,0.0
2017-12-24,5,1068.4060068149324,1068.4060068149338,0.0,0.0
2017-12-24,6,3556.385547094402,3556.385547094402,0.0,0.0
2017-12-24,7,3395.307375574976,6926.319837363468,0.0,0.0
2017-12-24,8,4551.4680472510845,4551.4680472510845,0.0,0.0
2017-12-24,9,3091.5624519200364,4141.8535633315805,0.0,1905.5981083047227
2017-12-24,10,4327.20828747258,4327.20828747258,0.0,0.0
2017-12-24,11,4036.0779350270855,4036.0779350270855,0.0,0.0
2017-12-24,12,4052.6150310324074,4052.6150310324074,0.0,0.0
2017-12-24,13,5013.859843518761,10029.98057864405,0.0,0.0
2017-12-24,14,3497.899570752797,3497.899570752797,0.0,0.0
2017-12-24,15,5175.118096821015,9953.090915441055,0.0,0.0
2017-12-24,16,1540.9296575969497,1540.9296575969497,0.0,0.0
2017-12-24,17,1965.9631698603248,1965.9631698603248,0.0,0.0
2017-12-24,18,4972.670411149367,9946.16887476983,0.0,0.0
2017-12-24,19,2432.8802883380527,2432.8802883380527,0.0,0.0
2017-12-24,20,2879.3813482592614,2879.3813482592614,0.0,0.0
2017-12-31,1,1312.6841620147693,1312.6841620147693,0.0,0.0
2017-12-31,2,3418.730526574246,3418.730526574246,0.0,0.0
2017-12-31,3,2285.1801997141865,2285.1801997141865,0.0,0.0
2017-12-31,4,1282.6323844294952,1282.6323844294952,0.0,0.0
2017-12-31,5,1055.957811672186,1055.957811672186,0.0,0.0
2017-12-31,6,3397.094847422964,3397.094847422964,0.0,0.0
2017-12-31,7,3434.093309756496,3434.093309756496,0.0,0.0
2017-12-31,8,4473.061207366051,4473.061207366051,0.0,0.0
2017-12-31,9,2925.48638762672,4831.084495931443,0.0,0.0
2017-12-31,10,4315.952880472307,4315.952880472307,0.0,0.0
2017-12-31,11,4116.683502039882,4116.683502039882,0.0,0.0
2017-12-31,12,4001.7548011201534,4001.7548011201534,0.0,0.0
2017-12-31,13,4929.7732765569845,4929.7732765569845,0.0,0.0
2017-12-31,14,3530.483196296448,3530.483196296448,0.0,0.0
2017-12-31,15,5169.253709858816,5169.253709858816,0.0,0.0
2017-12-31,16,1551.8318013392482,1551.8318013392482,0.0,0.0
2017-12-31,17,1978.721537393505,1978.721537393505,0.0,0.0
2017-12-31,18,4977.569173222157,4977.569173222157,0.0,0.0
2017-12-31,19,2370.2106856489454,2370.2106856489454,0.0,0.0
2017-12-31,20,2831.890915307405,2831.890915307405,0.0,0.0
