date,item,planning_demand,production,inventory,backlog
2017-07-09,1,2334.555401499113,2334.555401499113,0.0,0.0
2017-07-09,2,5933.857432529745,5933.857432529745,0.0,0.0
2017-07-09,3,3730.861261518012,3730.861261518012,0.0,0.0
2017-07-09,4,2266.4484249827065,2266.4484249827065,0.0,0.0
2017-07-09,5,1886.4377757508619,1886.4377757508619,0.0,0.0
2017-07-09,6,6068.607281714879,6068.607281714879,0.0,0.0
2017-07-09,7,5889.940002364345,5889.940002364345,0.0,0.0
2017-07-09,8,7857.06980795975,7857.06980795975,0.0,0.0
2017-07-09,9,5298.011342716353,5298.011342716353,0.0,0.0
2017-07-09,10,7496.468590625642,7496.468590625642,0.0,0.0
2017-07-09,11,7122.207237142554,0.0,0.0,7122.207237142554
2017-07-09,12,7045.2081821028805,1046.9287373465504,0.0,5998.27944475633
2017-07-09,13,8391.1016464143,8391.1016464143,0.0,0.0
2017-07-09,14,5871.245860942339,0.0,0.0,5871.245860942339
2017-07-09,15,8425.932915771235,8425.932915771235,0.0,0.0
2017-07-09,16,2644.850015872556,2644.850015872556,0.0,0.0
2017-07-09,17,3325.129132214717,3325.129132214717,0.0,0.0
2017-07-09,18,8436.994846943526,8436.994846943526,0.0,0.0
2017-07-09,19,4112.841666135546,4112.841666135546,0.0,0.0
2017-07-09,20,4853.963717640156,4853.963717640156,0.0,0.0
2017-07-16,1,2284.3941847619426,0.0,0.0,2284.3941847619426
2017-07-16,2,5941.145860319094,5941.145860319094,0.0,0.0
2017-07-16,3,3813.3479409312104,3813.3479409312104,0.0,0.0
2017-07-16,4,2277.7420425323617,2277.7420425323617,0.0,0.0
2017-07-16,5,1903.406411179616,1903.406411179616,0.0,0.0
2017-07-16,6,6045.322137285526,0.0,0.0,6045.322137285526
2017-07-16,7,6045.988796260706,6045.988796260706,0.0,0.0
2017-07-16,8,7928.93597373706,7928.93597373706,0.0,0.0
2017-07-16,9,5275.756683278898,5275.756683278898,0.0,0.0
2017-07-16,10,7520.308832415007,7520.308832415007,0.0,0.0
2017-07-16,11,7224.896620133231,12121.831863924908,0.0,2225.271993350878
2017-07-16,12,7246.195443826613,13244.474888582943,0.0,0.0
2017-07-16,13,8374.77405635288,0.0,0.0,8374.77405635288
2017-07-16,14,6009.773167649339,320.2196710814125,0.0,11560.799357510265
2017-07-16,15,8402.281599388709,2740.431125904165,0.0,5661.850473484544
2017-07-16,16,2663.5294782921083,0.0,0.0,2663.5294782921083
2017-07-16,17,3368.8852549984867,3368.8852549984867,0.0,0.0
2017-07-16,18,8390.213886682226,8390.213886682226,0.0,0.0
2017-07-16,19,4189.071956508395,4189.071956508395,0.0,0.0
2017-07-16,20,4918.238811663501,4918.238811663501,0.0,0.0
2017-07-23,1,2323.096910748399,4607.491095510341,0.0,0.0
2017-07-23,2,5991.9169700784005,5991.9169700784005,0.0,0.0
2017-07-23,3,3871.9121954843176,3871.9121954843176,0.0,0.0
2017-07-23,4,2300.7765807121177,0.0,0.0,2300.7765807121177
2017-07-23,5,1880.1672609891766,1880.1672609891766,0.0,0.0
2017-07-23,6,6089.9848196433895,0.0,0.0,12135.306956928915
2017-07-23,7,6012.145955124091,6012.145955124091,0.0,0.0
2017-07-23,8,7916.043924777655,7916.043924777655,0.0,0.0
2017-07-23,9,5309.337442922788,5309.337442922788,0.0,0.0
2017-07-23,10,7471.977381491555,7471.977381491555,0.0,0.0
2017-07-23,11,7161.922022630546,5084.159763114254,0.0,4303.034252867168
2017-07-23,12,7197.385028666184,1534.0363423859137,0.0,5663.34868628027
2017-07-23,13,8374.864464688562,1548.7384823578634,0.0,15200.900038683581
2017-07-23,14,6042.016997034907,17602.81635454517,0.0,0.0
2017-07-23,15,8435.396409935325,0.0,0.0,14097.24688341987
2017-07-23,16,2658.8769416235546,5322.406419915663,0.0,0.0
2017-07-23,17,3401.036253002958,3401.036253002958,0.0,0.0
2017-07-23,18,8401.173995874426,8401.173995874426,0.0,0.0
2017-07-23,19,4044.640162425444,4044.640162425444,0.0,0.0
2017-07-23,20,4907.876113401459,0.0,0.0,4907.876113401459
2017-07-30,1,2315.418036506163,2315.418036506163,0.0,0.0
2017-07-30,2,6017.320711217005,6017.320711217005,0.0,0.0
2017-07-30,3,3802.556722760627,3802.556722760627,0.0,0.0
2017-07-30,4,2236.5467345836623,0.0,0.0,4537.32331529578
2017-07-30,5,1929.9120466332333,1929.9120466332333,0.0,0.0
2017-07-30,6,6142.637890893069,1234.5855307405739,0.0,17043.359317081413
2017-07-30,7,6146.656374349699,6146.656374349699,0.0,0.0
2017-07-30,8,8024.022134188692,8024.022134188692,0.0,0.0
2017-07-30,9,5263.546546127571,5263.546546127571,0.0,0.0
2017-07-30,10,7543.978163106365,0.0,0.0,7543.978163106365
2017-07-30,11,7324.2041447088195,0.0,0.0,11627.238397575988
2017-07-30,12,7403.80710316964,13067.15578944991,0.0,0.0
2017-07-30,13,8381.914531124148,23582.814569807728,0.0,0.0
2017-07-30,14,6121.758246538143,6121.758246538143,0.0,0.0
2017-07-30,15,8436.727193108349,0.0,0.0,22533.97407652822
2017-07-30,16,2705.797059242591,0.0,0.0,2705.797059242591
2017-07-30,17,3438.496631273347,0.0,0.0,3438.496631273347
2017-07-30,18,8443.723026509037,8443.723026509037,0.0,0.0
2017-07-30,19,4050.5302651716192,4050.5302651716192,0.0,0.0
2017-07-30,20,4894.80368131266,0.0,0.0,9802.67979471412
2017-08-06,1,2145.706045722285,2145.706045722285,0.0,0.0
2017-08-06,2,5749.285082457883,0.0,0.0,5749.285082457883
2017-08-06,3,3543.4270209944857,0.0,0.0,3543.4270209944857
2017-08-06,4,2154.8109620077007,1732.3007208454328,0.0,4959.833556458048
2017-08-06,5,1794.6980638187388,0.0,0.0,1794.6980638187388
2017-08-06,6,5734.91383634625,0.0,0.0,22778.27315342766
2017-08-06,7,5762.747291367377,5762.747291367377,0.0,0.0
2017-08-06,8,7398.485820182617,7398.485820182617,0.0,0.0
2017-08-06,9,4950.3841911994805,4950.3841911994805,0.0,0.0
2017-08-06,10,6802.312618622664,0.0,0.0,14346.290781729029
2017-08-06,11,6676.283334544369,18303.521732120356,0.0,0.0
2017-08-06,12,6595.6068587727805,6595.6068587727805,0.0,0.0
2017-08-06,13,8234.485549248358,8234.485549248358,0.0,0.0
2017-08-06,14,5696.647788113511,5696.647788113511,0.0,0.0
2017-08-06,15,8336.01067721157,0.0,0.0,30869.984753739787
2017-08-06,16,2503.1649332978013,0.0,0.0,5208.961992540392
2017-08-06,17,3235.209095098584,6673.705726371931,0.0,0.0
2017-08-06,18,8095.98211633919,8095.98211633919,0.0,0.0
2017-08-06,19,3838.506402870268,0.0,0.0,3838.506402870268
2017-08-06,20,4607.746365002569,14410.42615971669,0.0,0.0
2017-08-13,1,1970.3927330986153,0.0,0.0,1970.3927330986153
2017-08-13,2,5336.410481103569,11085.69556356145,0.0,0.0
2017-08-13,3,3413.7491374756346,2284.0528517953107,0.0,4673.123306674809
2017-08-13,4,2013.3040377462753,0.0,0.0,6973.137594204323
2017-08-13,5,1664.7382770645381,0.0,0.0,3459.436340883277
2017-08-13,6,5373.864429293639,0.0,0.0,28152.137582721298
2017-08-13,7,5310.563000739223,0.0,0.0,5310.563000739223
2017-08-13,8,7126.751725792343,0.0,0.0,7126.751725792343
2017-08-13,9,4675.753895197538,0.0,0.0,4675.753895197538
2017-08-13,10,6687.129003386198,0.0,0.0,21033.419785115228
2017-08-13,11,6352.522512637566,6352.522512637566,0.0,0.0
2017-08-13,12,6353.388174186035,2866.5927982292123,0.0,3486.7953759568227
2017-08-13,13,7852.4942606536415,0.0,0.0,7852.4942606536415
2017-08-13,14,5340.372996934287,5340.372996934287,0.0,0.0
2017-08-13,15,8261.722838983518,39131.70759272331,0.0,0.0
2017-08-13,16,2404.200538503869,7613.162531044261,0.0,0.0
2017-08-13,17,3060.2490004934725,3060.2490004934725,0.0,0.0
2017-08-13,18,7863.688618974526,7863.688618974526,0.0,0.0
2017-08-13,19,3718.782561862643,0.0,0.0,7557.288964732911
2017-08-13,20,4401.955533606591,4401.955533606591,0.0,0.0
2017-08-20,1,1945.0710756014605,3915.463808700076,0.0,0.0
2017-08-20,2,5313.222554577618,0.0,0.0,5313.222554577618
2017-08-20,3,3389.4345506509135,0.0,0.0,8062.557857325723
2017-08-20,4,1997.021780655879,0.0,0.0,8970.159374860203
2017-08-20,5,1649.5227550214954,5108.959095904773,0.0,0.0
2017-08-20,6,5288.914738568033,0.0,0.0,33441.05232128933
2017-08-20,7,5255.649737724401,10566.212738463624,0.0,0.0
2017-08-20,8,6773.450184460789,13900.201910253132,0.0,0.0
2017-08-20,9,4675.241728157032,9350.99562335457,0.0,0.0
2017-08-20,10,6655.889609715739,0.0,0.0,27689.30939483097
2017-08-20,11,6257.266719163999,6257.266719163999,0.0,0.0
2017-08-20,12,6269.543457836695,0.0,0.0,9756.338833793518
2017-08-20,13,7923.318961184359,15775.813221838001,0.0,0.0
2017-08-20,14,5348.8377934856135,5348.8377934856135,0.0,0.0
2017-08-20,15,8096.530503333208,0.0,0.0,8096.530503333208
2017-08-20,16,2420.3319589574576,2420.3319589574576,0.0,0.0
2017-08-20,17,3094.6329283672294,0.0,0.0,3094.6329283672294
2017-08-20,18,7749.098588950513,1958.4989541402665,0.0,5790.599634810246
2017-08-20,19,3636.9499701079662,11194.238934840878,0.0,0.0
2017-08-20,20,4203.1792408976,4203.1792408976,0.0,0.0
2017-08-27,1,1996.1663374348157,0.0,0.0,1996.1663374348157
2017-08-27,2,5287.117046201667,5961.923291020908,0.0,4638.416309758377
2017-08-27,3,3409.699957015975,11472.257814341698,0.0,0.0
2017-08-27,4,1980.839715835567,0.0,0.0,10950.99909069577
2017-08-27,5,1678.1078469081467,0.0,0.0,1678.1078469081467
2017-08-27,6,5356.490569858148,38797.54289114748,0.0,0.0
2017-08-27,7,5320.902451047015,4345.463466664098,0.0,975.4389843829176
2017-08-27,8,6879.7851210175195,0.0,0.0,6879.7851210175195
2017-08-27,9,4646.324172086186,0.0,0.0,4646.324172086186
2017-08-27,10,6638.076457309764,0.0,0.0,34327.38585214073
2017-08-27,11,6265.669472523007,6265.669472523007,0.0,0.0
2017-08-27,12,6353.378011852163,0.0,0.0,16109.71684564568
2017-08-27,13,7534.302772695967,0.0,0.0,7534.302772695967
2017-08-27,14,5305.2883616251365,5305.2883616251365,0.0,0.0
2017-08-27,15,8074.390352681534,0.0,0.0,16170.920856014742
2017-08-27,16,2370.1689753106302,0.0,0.0,2370.1689753106302
2017-08-27,17,3012.983789789215,0.0,0.0,6107.616718156444
2017-08-27,18,7894.473560809816,13685.073195620062,0.0,0.0
2017-08-27,19,3728.0706326606123,0.0,0.0,3728.0706326606123
2017-08-27,20,4166.7815070576125,4166.7815070576125,0.0,0.0
2017-09-03,1,1918.856486893752,3915.0228243285674,0.0,0.0
2017-09-03,2,5233.958358170507,9872.374667928883,0.0,0.0
2017-09-03,3,3257.066157541789,3257.066157541789,0.0,0.0
2017-09-03,4,1905.458191781806,0.0,0.0,12856.457282477575
2017-09-03,5,1631.3979985093101,0.0,0.0,3309.505845417457
2017-09-03,6,5250.175601885241,5250.175601885241,0.0,0.0
2017-09-03,7,5309.34244659556,6284.781430978478,0.0,0.0
2017-09-03,8,6725.807122293817,0.0,0.0,13605.592243311337
2017-09-03,9,4590.724339740915,0.0,0.0,9237.0485118271
2017-09-03,10,6547.124084020117,0.0,0.0,40874.509936160845
2017-09-03,11,6261.666403799736,6261.666403799736,0.0,0.0
2017-09-03,12,6114.624840640381,0.0,0.0,22224.34168628606
2017-09-03,13,7395.141123825353,14929.44389652132,0.0,0.0
2017-09-03,14,5279.783342993165,0.0,0.0,5279.783342993165
2017-09-03,15,7744.896431196251,23915.817287210994,0.0,0.0
2017-09-03,16,2339.12351575076,4709.29249106139,0.0,0.0
2017-09-03,17,2935.6295086433984,7332.840283728139,0.0,1710.405943071702
2017-09-03,18,7458.772396985274,0.0,0.0,7458.772396985274
2017-09-03,19,3589.6916069540844,0.0,0.0,7317.762239614696
2017-09-03,20,4271.51895501545,4271.51895501545,0.0,0.0
2017-09-10,1,1863.9050836123952,0.0,0.0,1863.9050836123952
2017-09-10,2,4938.902656269718,4938.902656269718,0.0,0.0
2017-09-10,3,3155.3297118856244,3155.3297118856244,0.0,0.0
2017-09-10,4,1877.529208978348,0.0,0.0,14733.986491455922
2017-09-10,5,1582.9752736866071,0.0,0.0,4892.481119104064
2017-09-10,6,4975.639239025201,4975.639239025201,0.0,0.0
2017-09-10,7,4908.600050403909,4908.600050403909,0.0,0.0
2017-09-10,8,6568.032825981196,0.0,0.0,20173.62506929253
2017-09-10,9,4434.210025951083,0.0,0.0,13671.258537778183
2017-09-10,10,6302.158006188292,16953.459606516786,0.0,30223.20833583235
2017-09-10,11,5983.343945866621,0.0,0.0,5983.343945866621
2017-09-10,12,6005.78742226289,20845.77047599464,0.0,7384.358632554311
2017-09-10,13,7276.385590638236,7276.385590638236,0.0,0.0
2017-09-10,14,5069.122336755045,0.0,0.0,10348.90567974821
2017-09-10,15,7655.898546510449,7655.898546510449,0.0,0.0
2017-09-10,16,2281.2622270497877,0.0,0.0,2281.2622270497877
2017-09-10,17,2783.9243513159245,4494.330294387626,0.0,0.0
2017-09-10,18,7186.060637970897,0.0,0.0,14644.833034956171
2017-09-10,19,3492.598360964169,10810.360600578864,0.0,0.0
2017-09-10,20,3985.323227788934,3985.323227788934,0.0,0.0
2017-09-17,1,1849.603089679648,3713.5081732920435,0.0,0.0
2017-09-17,2,4912.304719488695,4912.304719488695,0.0,0.0
2017-09-17,3,3133.8450339402416,0.0,0.0,3133.8450339402416
2017-09-17,4,1870.5603387592446,16604.54683021517,0.0,0.0
2017-09-17,5,1600.6645103403152,6493.14562944438,0.0,0.0
2017-09-17,6,4923.607754468356,4923.607754468356,0.0,0.0
2017-09-17,7,4896.706204470955,4896.706204470955,0.0,0.0
2017-09-17,8,6615.063674929501,0.0,0.0,26788.688744222032
2017-09-17,9,4282.337652593242,0.0,0.0,17953.596190371427
2017-09-17,10,6215.11672229665,0.0,0.0,36438.325058129
2017-09-17,11,5907.188824884148,11890.532770750768,0.0,0.0
2017-09-17,12,6024.052027431522,8296.579259959113,0.0,5111.831400026711
2017-09-17,13,7155.754021011366,7155.754021011366,0.0,0.0
2017-09-17,14,4969.63447858234,0.0,0.0,15318.54015833055
2017-09-17,15,7522.917280943144,7522.917280943144,0.0,0.0
2017-09-17,16,2198.8139570563117,4480.076184106099,0.0,0.0
2017-09-17,17,2768.952569435105,2768.952569435105,0.0,0.0
2017-09-17,18,7158.75040753018,0.0,0.0,21803.58344248635
2017-09-17,19,3468.1649393891767,2323.6326570609076,0.0,1144.532282328269
2017-09-17,20,4017.73594535392,4017.73594535392,0.0,0.0
2017-09-24,1,1880.0458811972048,1880.0458811972048,0.0,0.0
2017-09-24,2,5027.151281623431,5027.151281623431,0.0,0.0
2017-09-24,3,3047.6537577717527,0.0,0.0,6181.498791711994
2017-09-24,4,1848.3883937001397,0.0,0.0,1848.3883937001397
2017-09-24,5,1583.177735219759,1583.177735219759,0.0,0.0
2017-09-24,6,4949.682127389566,0.0,0.0,4949.682127389566
2017-09-24,7,4949.222789206071,0.0,0.0,4949.222789206071
2017-09-24,8,6322.424979043075,0.0,0.0,33111.11372326511
2017-09-24,9,4425.872004691448,22379.468195062873,0.0,0.0
2017-09-24,10,6238.279689414239,0.0,0.0,42676.604747543235
2017-09-24,11,5932.890727887627,5932.890727887627,0.0,0.0
2017-09-24,12,5842.427073229963,10954.258473256674,0.0,0.0
2017-09-24,13,7071.972397365329,7071.972397365329,0.0,0.0
2017-09-24,14,4906.314957645069,0.0,0.0,20224.855115975617
2017-09-24,15,7608.941518503538,4150.733166509464,0.0,3458.2083519940734
2017-09-24,16,2127.653524382653,2127.653524382653,0.0,0.0
2017-09-24,17,2862.751448137487,0.0,0.0,2862.751448137487
2017-09-24,18,7089.065175008639,28892.64861749499,0.0,0.0
2017-09-24,19,3451.8319647374556,0.0,0.0,4596.364247065725
2017-09-24,20,4017.7318671606436,0.0,0.0,4017.7318671606436
2017-10-01,1,1842.2033593661158,1842.203359366118,0.0,0.0
2017-10-01,2,5037.998330928903,0.0,0.0,5037.998330928903
2017-10-01,3,3090.739142702997,9272.237934414992,0.0,0.0
2017-10-01,4,1769.5814281686648,0.0,0.0,3617.9698218688045
2017-10-01,5,1576.9879083396881,1576.9879083396881,0.0,0.0
2017-10-01,6,4898.38404477053,0.0,0.0,9848.066172160095
2017-10-01,7,4766.600680924088,0.0,0.0,9715.823470130159
2017-10-01,8,6426.102441609879,0.0,0.0,39537.21616487499
2017-10-01,9,4169.7997239008655,4169.7997239008655,0.0,0.0
2017-10-01,10,6178.961537383666,37785.34113925127,0.0,11070.225145675635
2017-10-01,11,5626.9329142762235,0.0,0.0,5626.9329142762235
2017-10-01,12,5699.528231346945,0.0,0.0,5699.528231346945
2017-10-01,13,7167.365002027485,0.0,0.0,7167.365002027485
2017-10-01,14,4866.0593588240245,25090.91447479964,0.0,0.0
2017-10-01,15,7379.315614067416,90.5840800694336,0.0,10746.939885992057
2017-10-01,16,2219.499260097201,2219.499260097201,0.0,0.0
2017-10-01,17,2843.0920101953106,0.0,0.0,5705.843458332798
2017-10-01,18,7056.850335664701,0.0,0.0,7056.850335664701
2017-10-01,19,3356.067872695062,7952.432119760788,0.0,0.0
2017-10-01,20,3931.8522430821354,0.0,0.0,7949.5841102427785
2017-10-08,1,1795.2974645958411,1795.2974645958357,0.0,0.0
2017-10-08,2,4768.050892552059,9806.04922348096,0.0,0.0
2017-10-08,3,2895.4454507795194,2895.4454507795194,0.0,0.0
2017-10-08,4,1770.9408299720399,0.0,0.0,5388.910651840844
2017-10-08,5,1472.77738482779,1472.77738482779,0.0,0.0
2017-10-08,6,4763.705423955287,0.0,0.0,14611.771596115383
2017-10-08,7,4731.296470810037,6819.750703815982,0.0,7627.369237124214
2017-10-08,8,6313.629888067887,20750.053852941768,0.0,25100.79220000111
2017-10-08,9,4056.0721837954943,4056.0721837954943,0.0,0.0
2017-10-08,10,5953.646132983143,0.0,0.0,17023.87127865878
2017-10-08,11,5490.794868625098,11117.727782901322,0.0,0.0
2017-10-08,12,5647.88868405585,2124.028661147928,0.0,9223.388254254867
2017-10-08,13,6800.333808212568,0.0,0.0,13967.698810240054
2017-10-08,14,4758.397392028453,4758.397392028453,0.0,0.0
2017-10-08,15,7053.4550263912,0.0,0.0,17800.394912383257
2017-10-08,16,2073.286635447999,0.0,0.0,2073.286635447999
2017-10-08,17,2725.8892441008848,7307.46964010462,0.0,1124.2630623290624
2017-10-08,18,6751.7709410294465,13808.621276694146,0.0,0.0
2017-10-08,19,3288.308982886183,3288.308982886183,0.0,0.0
2017-10-08,20,3837.319465929846,0.0,0.0,11786.903576172625
2017-10-15,1,1782.020181315781,1782.020181315781,0.0,0.0
2017-10-15,2,4653.059373827844,0.0,0.0,4653.059373827844
2017-10-15,3,2919.572667730396,0.0,0.0,2919.572667730396
2017-10-15,4,1699.9723720244829,0.0,0.0,7088.883023865327
2017-10-15,5,1470.678378877119,1470.678378877119,0.0,0.0
2017-10-15,6,4664.3996732686965,19276.17126938408,0.0,0.0
2017-10-15,7,4587.6588653426625,12215.028102466877,0.0,0.0
2017-10-15,8,6118.580162218364,0.0,0.0,31219.372362219474
2017-10-15,9,4086.250709391528,4086.250709391528,0.0,0.0
2017-10-15,10,5740.529468567132,6450.296131688978,0.0,16314.104615536933
2017-10-15,11,5551.905157871714,5551.905157871714,0.0,0.0
2017-10-15,12,5499.268997624474,0.0,0.0,14722.65725187934
2017-10-15,13,6661.945897042927,20629.64470728298,0.0,0.0
2017-10-15,14,4757.823276550596,4757.823276550596,0.0,0.0
2017-10-15,15,7030.515517413724,3915.7720222699145,0.0,20915.138407527065
2017-10-15,16,2004.9771435326938,0.0,0.0,4078.2637789806927
2017-10-15,17,2710.632243287887,0.0,0.0,3834.8953056169494
2017-10-15,18,6661.256882633108,6661.256882633108,0.0,0.0
2017-10-15,19,3203.1531802673035,3203.1531802673035,0.0,0.0
2017-10-15,20,3765.9891132683433,0.0,0.0,15552.892689440967
2017-10-22,1,1764.8387783821165,0.0,0.0,1764.8387783821165
2017-10-22,2,4572.3701525665265,9225.429526394371,0.0,0.0
2017-10-22,3,2871.646735294118,0.0,0.0,5791.219403024514
2017-10-22,4,1770.5868338307273,8859.469857696055,0.0,0.0
2017-10-22,5,1512.656861202679,1512.656861202679,0.0,0.0
2017-10-22,6,4574.906968385261,0.0,0.0,4574.906968385261
2017-10-22,7,4556.355978746499,0.0,0.0,4556.355978746499
2017-10-22,8,6105.692271657434,0.0,0.0,37325.06463387691
2017-10-22,9,4035.068100224286,3024.6575585834694,0.0,1010.4105416408165
2017-10-22,10,5839.5189075787375,0.0,0.0,22153.62352311567
2017-10-22,11,5497.706039558391,5497.706039558391,0.0,0.0
2017-10-22,12,5552.758599478382,0.0,0.0,20275.41585135772
2017-10-22,13,6612.049384679987,0.0,0.0,6612.049384679987
2017-10-22,14,4664.646032808602,4664.646032808602,0.0,0.0
2017-10-22,15,7048.119675467412,27963.258082994504,0.0,0.0
2017-10-22,16,2044.7015358380954,6122.965314818788,0.0,0.0
2017-10-22,17,2715.5075957843746,0.0,0.0,6550.402901401324
2017-10-22,18,6652.403233566065,6652.403233566065,0.0,0.0
2017-10-22,19,3189.267688658203,0.0,0.0,3189.267688658203
2017-10-22,20,3742.1790739937696,16476.807492377073,0.0,2818.264271057667
2017-10-29,1,1740.6053782248364,0.0,0.0,3505.4441566069527
2017-10-29,2,4671.598743338516,4671.598743338516,0.0,0.0
2017-10-29,3,2925.048813959318,8716.268216983832,0.0,0.0
2017-10-29,4,1707.0743281163222,1707.0743281163222,0.0,0.0
2017-10-29,5,1446.832428261564,0.0,0.0,1446.832428261564
2017-10-29,6,4599.795743439714,0.0,0.0,9174.702711824975
2017-10-29,7,4743.303004053234,9299.658982799734,0.0,0.0
2017-10-29,8,6146.497534286049,0.0,0.0,43471.56216816296
2017-10-29,9,3930.640214766856,0.0,0.0,4941.050756407672
2017-10-29,10,5830.208243275969,3132.8964010116533,0.0,24850.935365379984
2017-10-29,11,5506.443394820102,3247.546529058187,0.0,2258.8968657619153
2017-10-29,12,5547.246902194212,25822.662753551936,0.0,0.0
2017-10-29,13,6611.169215334934,13223.218600014921,0.0,0.0
2017-10-29,14,4557.7052274031375,4557.7052274031375,0.0,0.0
2017-10-29,15,6894.22304950707,6894.223049507063,0.0,0.0
2017-10-29,16,2008.875075044326,2008.875075044326,0.0,0.0
2017-10-29,17,2715.760394677347,0.0,0.0,9266.16329607867
2017-10-29,18,6718.272093170375,6718.272093170375,0.0,0.0
2017-10-29,19,3244.0266900086044,0.0,0.0,6433.2943786668075
2017-10-29,20,3730.692007767689,0.0,0.0,6548.956278825356
2017-11-05,1,1826.5811962669409,0.0,0.0,5332.025352873894
2017-11-05,2,4871.922560679852,4871.922560679852,0.0,0.0
2017-11-05,3,3056.39224160262,0.0,0.0,3056.39224160262
2017-11-05,4,1826.8209958729053,1826.8209958729053,0.0,0.0
2017-11-05,5,1523.8681755905636,0.0,0.0,2970.7006038521276
2017-11-05,6,4913.684651236235,0.0,0.0,14088.38736306121
2017-11-05,7,4819.359906515551,4819.359906515551,0.0,0.0
2017-11-05,8,6451.127504360245,0.0,0.0,49922.6896725232
2017-11-05,9,4327.215902852073,9268.266659259745,0.0,0.0
2017-11-05,10,6055.056420636851,30905.991786016835,0.0,0.0
2017-11-05,11,5801.6481769342645,4678.324159292001,0.0,3382.2208834041858
2017-11-05,12,5742.686105840781,5742.686105840781,0.0,0.0
2017-11-05,13,6837.865700443932,6837.865700443932,0.0,0.0
2017-11-05,14,4795.670879151912,4795.670879151912,0.0,0.0
2017-11-05,15,7269.729213201619,7269.729213201619,0.0,0.0
2017-11-05,16,2071.45181600851,2071.45181600851,0.0,0.0
2017-11-05,17,2772.469309449545,0.0,0.0,12038.632605528215
2017-11-05,18,6911.910217716351,6911.910217716351,0.0,0.0
2017-11-05,19,3321.7221799034205,0.0,0.0,9755.016558570227
2017-11-05,20,3879.299825244959,0.0,0.0,10428.256104070315
2017-11-12,1,1861.8328730485755,7193.8582259224695,0.0,0.0
2017-11-12,2,4959.731710138196,4959.731710138196,0.0,0.0
2017-11-12,3,3002.7448492058616,6059.137090808481,0.0,0.0
2017-11-12,4,1865.030405142179,0.0,0.0,1865.0304051421776
2017-11-12,5,1565.2927862473844,4535.993390099512,0.0,0.0
2017-11-12,6,4896.768184463857,0.0,0.0,18985.155547525068
2017-11-12,7,4963.625024487148,4963.625024487148,0.0,0.0
2017-11-12,8,6484.481113589072,29288.798298149864,0.0,27118.372487962406
2017-11-12,9,4359.371457578926,4359.371457578926,0.0,0.0
2017-11-12,10,6246.423641156373,6246.423641156373,0.0,0.0
2017-11-12,11,5892.290294945901,0.0,0.0,9274.511178350087
2017-11-12,12,5815.04226141871,0.0,0.0,5815.04226141871
2017-11-12,13,7134.86543907763,7134.86543907763,0.0,0.0
2017-11-12,14,4981.878529656484,0.0,0.0,4981.878529656484
2017-11-12,15,7418.133027306818,7418.133027306818,0.0,0.0
2017-11-12,16,2165.7352967608904,2165.7352967608904,0.0,0.0
2017-11-12,17,2781.7276649989526,0.0,0.0,14820.360270527168
2017-11-12,18,7025.520183778361,0.0,0.0,7025.520183778361
2017-11-12,19,3412.485605664021,5674.327398513706,0.0,7493.1747657205415
2017-11-12,20,3957.6799387761057,0.0,0.0,14385.93604284642
2017-11-19,1,1797.0768975570916,1797.0768975570916,0.0,0.0
2017-11-19,2,4971.304862745111,4971.304862745111,0.0,0.0
2017-11-19,3,3192.2111398117313,3192.2111398117313,0.0,0.0
2017-11-19,4,1854.432903690298,0.0,0.0,3719.4633088324754
2017-11-19,5,1623.4267460319236,1623.4267460319236,0.0,0.0
2017-11-19,6,4957.998441164351,23943.153988689417,0.0,0.0
2017-11-19,7,4968.956543161289,4968.956543161289,0.0,0.0
2017-11-19,8,6407.499395305575,1891.5744915652306,0.0,31634.29739170275
2017-11-19,9,4429.297883238311,4429.297883238311,0.0,0.0
2017-11-19,10,6269.052718577228,6269.052718577228,0.0,0.0
2017-11-19,11,5880.17607410669,3204.787597453169,0.0,11949.899655003608
2017-11-19,12,5860.918542284588,11675.960803703298,0.0,0.0
2017-11-19,13,7049.992216161234,1141.3288782537834,0.0,5908.66333790745
2017-11-19,14,4987.741754888382,9969.620284544866,0.0,0.0
2017-11-19,15,7349.803751428353,0.0,0.0,7349.803751428353
2017-11-19,16,2234.8663951632,0.0,0.0,2234.8663951632
2017-11-19,17,2792.144195860177,0.0,0.0,17612.504466387345
2017-11-19,18,7131.261234513398,0.0,0.0,14156.78141829176
2017-11-19,19,3429.072398947019,10922.247164667562,0.0,0.0
2017-11-19,20,3940.9097519201496,0.0,0.0,18326.84579476657
2017-11-26,1,1819.0814241649655,0.0,0.0,1819.0814241649655
2017-11-26,2,4902.390939864777,4902.390939864777,0.0,0.0
2017-11-26,3,3201.650645629883,0.0,0.0,3201.650645629883
2017-11-26,4,1828.5887958595854,0.0,0.0,5548.05210469206
2017-11-26,5,1647.974668502315,1647.974668502315,0.0,0.0
2017-11-26,6,4937.330571046859,4937.330571046859,0.0,0.0
2017-11-26,7,4961.485561477915,0.0,0.0,4961.485561477915
2017-11-26,8,6456.403328395605,38090.70072009836,0.0,0.0
2017-11-26,9,4400.480149379315,4400.480149379315,0.0,0.0
2017-11-26,10,6144.767822022794,0.0,0.0,6144.767822022794
2017-11-26,11,5927.420493045711,17877.32014804932,0.0,0.0
2017-11-26,12,5897.5004347031045,0.0,0.0,5897.5004347031045
2017-11-26,13,6950.576133973695,0.0,0.0,12859.239471881145
2017-11-26,14,4911.5132503935565,0.0,0.0,4911.5132503935565
2017-11-26,15,7413.098207046087,14762.90195847444,0.0,0.0
2017-11-26,16,2228.3279231150436,0.0,0.0,4463.194318278243
2017-11-26,17,2768.6485610944596,0.0,0.0,20381.153027481803
2017-11-26,18,7161.27035164259,0.0,0.0,21318.051769934347
2017-11-26,19,3436.2354385873505,3380.9008445846107,0.0,55.33459400273978
2017-11-26,20,4005.5150558559626,0.0,0.0,22332.360850622532
2017-12-03,1,1741.0835329940444,3560.1649571590096,0.0,0.0
2017-12-03,2,4332.412223757272,490.1484263213403,0.0,3842.263797435932
2017-12-03,3,2775.144615643902,5976.7952612737845,0.0,0.0
2017-12-03,4,1687.7607793456666,0.0,0.0,7235.812884037727
2017-12-03,5,1382.1607209900096,1382.1607209900096,0.0,0.0
2017-12-03,6,4289.367652642436,4289.367652642436,0.0,0.0
2017-12-03,7,4332.287371139992,0.0,0.0,9293.772932617907
2017-12-03,8,5932.333213893389,0.0,0.0,5932.333213893389
2017-12-03,9,3804.7546231236634,0.0,0.0,3804.7546231236634
2017-12-03,10,5633.785853478721,0.0,0.0,11778.553675501515
2017-12-03,11,5328.277373762654,5328.277373762654,0.0,0.0
2017-12-03,12,5212.823120946242,0.0,0.0,11110.323555649346
2017-12-03,13,6317.184586524889,19176.424058406035,0.0,0.0
2017-12-03,14,4346.920158065204,0.0,0.0,9258.43340845876
2017-12-03,15,6456.963873796172,2077.6810824379663,0.0,4379.282791358206
2017-12-03,16,1962.4868639058875,6425.681182184131,0.0,0.0
2017-12-03,17,2492.891886251742,0.0,0.0,22874.044913733545
2017-12-03,18,6243.9907374051945,27562.042507339545,0.0,0.0
2017-12-03,19,3035.5590020516406,3090.89359605438,0.0,0.0
2017-12-03,20,3542.1110630839403,10640.363181428696,0.0,15234.108732277775
2017-12-10,1,1424.8199817415762,395.10199476181197,0.0,1029.7179869797642
2017-12-10,2,3729.3190859267406,7571.582883362672,0.0,0.0
2017-12-10,3,2386.7388166886776,2302.756610637457,0.0,83.9822060512206
2017-12-10,4,1428.7576193759644,0.0,0.0,8664.570503413692
2017-12-10,5,1217.2921858689956,0.0,0.0,1217.2921858689956
2017-12-10,6,3688.692917832255,3688.692917832255,0.0,0.0
2017-12-10,7,3720.9080588878737,13014.68099150578,0.0,0.0
2017-12-10,8,5005.110582273626,10937.443796167016,0.0,0.0
2017-12-10,9,3387.2392409850827,1049.600655190221,0.0,6142.3932089185255
2017-12-10,10,4751.479984488174,0.0,0.0,16530.033659989687
2017-12-10,11,4447.494314088475,4447.494314088475,0.0,0.0
2017-12-10,12,4276.8004326131795,15387.123988262525,0.0,0.0
2017-12-10,13,5538.485924714453,0.0,0.0,5538.485924714453
2017-12-10,14,3726.652263836217,12985.085672294977,0.0,0.0
2017-12-10,15,5756.851680436007,10136.134471794214,0.0,0.0
2017-12-10,16,1685.427302905152,0.0,0.0,1685.427302905152
2017-12-10,17,2134.278450921346,0.0,0.0,25008.32336465489
2017-12-10,18,5545.435524889748,5545.435524889748,0.0,0.0
2017-12-10,19,2538.866179212837,2538.866179212837,0.0,0.0
2017-12-10,20,3113.957016183464,0.0,0.0,18348.06574846124
2017-12-17,1,1302.514957869606,2332.23294484937,0.0,0.0
2017-12-17,2,3537.0148483092134,0.0,0.0,3537.0148483092134
2017-12-17,3,2267.4141562568993,0.0,0.0,2351.39636230812
2017-12-17,4,1304.4329437764982,0.0,0.0,9969.003447190189
2017-12-17,5,1131.9525986759688,0.0,0.0,2349.244784544964
2017-12-17,6,3524.8196858021747,0.0,0.0,3524.8196858021747
2017-12-17,7,3570.158023092929,0.0,0.0,3570.158023092929
2017-12-17,8,4583.539895162005,0.0,0.0,4583.539895162005
2017-12-17,9,2998.521929160724,9140.91513807925,0.0,0.0
2017-12-17,10,4437.231352582931,20967.265012572618,0.0,0.0
2017-12-17,11,4185.787572574807,4185.787572574807,0.0,0.0
2017-12-17,12,4099.331895760289,0.0,0.0,4099.331895760289
2017-12-17,13,5068.402162363875,0.0,0.0,10606.888087078329
2017-12-17,14,3605.638419660728,3605.638419660728,0.0,0.0
2017-12-17,15,5243.6045214163405,5243.6045214163405,0.0,0.0
2017-12-17,16,1639.4177973786718,3324.8451002838237,0.0,0.0
2017-12-17,17,2087.988695313108,27096.312059968,0.0,0.0
2017-12-17,18,5051.56203349571,0.0,0.0,5051.56203349571
2017-12-17,19,2476.347093173137,0.0,0.0,2476.347093173137
2017-12-17,20,2781.488148352399,14103.399230595067,0.0,7026.154666218572
2017-12-24,1,1344.8186973401075,1344.8186973401075,0.0,0.0
2017-12-24,2,3597.8328416441627,0.0,0.0,7134.847689953376
2017-12-24,3,2358.167879772213,4709.564242080333,0.0,0.0
2017-12-24,4,1353.0025793115178,0.0,0.0,11322.006026501707
2017-12-24,5,1107.9697240785795,3457.2145086235437,0.0,0.0
2017-12-24,6,3547.100730432257,7071.920416234432,0.0,0.0
2017-12-24,7,3438.4362230820016,7008.594246174931,0.0,0.0
2017-12-24,8,4641.306963543143,9224.846858705148,0.0,0.0
2017-12-24,9,3117.646256464408,3117.646256464408,0.0,0.0
2017-12-24,10,4478.088786227347,4478.088786227347,0.0,0.0
2017-12-24,11,4073.6974357381223,4073.6974357381223,0.0,0.0
2017-12-24,12,4207.9540791824975,8307.285974942786,0.0,0.0
2017-12-24,13,5165.360151413123,3240.033927520404,0.0,12532.214310971047
2017-12-24,14,3513.6495283314016,3513.6495283314016,0.0,0.0
2017-12-24,15,5310.833446925081,5310.833446925081,0.0,0.0
2017-12-24,16,1593.4891370476823,0.0,0.0,1593.4891370476823
2017-12-24,17,2081.026998660862,2081.026998660862,0.0,0.0
2017-12-24,18,5073.387872239728,10124.949905735437,0.0,0.0
2017-12-24,19,2530.9337313260203,5007.2808244991575,0.0,0.0
2017-12-24,20,2894.040145883803,7928.547945796512,0.0,1991.646866305863
2017-12-31,1,1321.8924114074941,1321.8924114074941,0.0,0.0
2017-12-31,2,3450.2867120224796,10585.134401975864,0.0,0.0
2017-12-31,3,2390.0982502074157,2390.0982502074157,0.0,0.0
2017-12-31,4,1315.647409534527,6944.142767766525,0.0,5693.510668269711
2017-12-31,5,1084.1424334074375,1084.1424334074375,0.0,0.0
2017-12-31,6,3441.0683104021064,3441.0683104021064,0.0,0.0
2017-12-31,7,3455.6852588583124,3455.6852588583124,0.0,0.0
2017-12-31,8,4546.389585534376,4546.389585534376,0.0,0.0
2017-12-31,9,2999.040931659826,2999.040931659826,0.0,0.0
2017-12-31,10,4417.875172942787,4417.875172942787,0.0,0.0
2017-12-31,11,4185.08284032403,4185.08284032403,0.0,0.0
2017-12-31,12,4067.338719821048,4067.338719821048,0.0,0.0
2017-12-31,13,4951.819824329346,17484.03413530039,0.0,0.0
2017-12-31,14,3511.048723598242,3511.048723598242,0.0,0.0
2017-12-31,15,5278.325707116205,5278.325707116205,0.0,0.0
2017-12-31,16,1587.2545367289301,0.0,0.0,3180.7436737766125
2017-12-31,17,1990.1763699792905,1990.1763699792905,0.0,0.0
2017-12-31,18,4997.364823440471,4997.364823440471,0.0,0.0
2017-12-31,19,2453.786611537932,2453.786611537932,0.0,0.0
2017-12-31,20,2855.7256784143883,4847.372544720251,0.0,0.0
