date,item,forecast_demand,actual_demand,production,sales,ending_inventory,stockout
2017-07-09,1,2277.337241582917,2390.455805490297,2277.337241582917,2277.337241582917,0.0,113.11856390737967
2017-07-16,1,2248.020939685756,2577.501851961786,2248.020939685756,2248.020939685756,0.0,329.48091227603027
2017-07-23,1,2284.6754389987764,2453.3910847824704,0.0,0.0,0.0,2453.3910847824704
2017-07-30,1,2281.343411828304,2172.0273127656837,0.0,0.0,0.0,2172.0273127656837
2017-08-06,1,2112.5983997970225,2066.1905519244306,0.0,0.0,0.0,2066.1905519244306
2017-08-13,1,1926.7513741540977,1654.0446219357834,8605.3686247782,1654.0446219357834,6951.324002842417,0.0
2017-08-20,1,1914.420822927961,2065.8576260300065,0.0,2065.8576260300065,4885.46637681241,0.0
2017-08-27,1,1971.6161853392643,2016.4625541974353,3886.037008267225,2016.4625541974353,6755.0408308822,0.0
2017-09-03,1,1899.924116277276,1714.7419951814456,1899.924116277276,1714.7419951814456,6940.222951978029,0.0
2017-09-10,1,1818.433110403733,1932.2065325311705,0.0,1932.2065325311705,5008.016419446859,0.0
2017-09-17,1,1833.388433878734,1898.9847547037884,3651.821544282466,1898.9847547037884,6760.853209025538,0.0
2017-09-24,1,1849.485566739481,2277.578327838736,1849.485566739481,2277.578327838736,6332.760447926282,0.0
2017-10-01,1,1800.5696486788595,1657.8707699218116,1800.5696486788595,1657.8707699218116,6475.459326683329,0.0
2017-10-08,1,1753.0670288360693,1590.5699040613688,1753.0670288360693,1590.5699040613688,6637.956451458029,0.0
2017-10-15,1,1721.619893281707,1741.1632652634146,596.8674311015184,1741.1632652634146,5493.660617296133,0.0
2017-10-22,1,1717.0086560706131,1574.6694951113582,0.0,1574.6694951113582,3918.9911221847747,0.0
2017-10-29,1,1675.937379875057,1692.193296217892,4517.698498125859,1692.193296217892,6744.496324092741,0.0
2017-11-05,1,1817.53508485267,1668.0936432103272,1817.53508485267,1668.0936432103272,6893.937765735084,0.0
2017-11-12,1,1827.8906856932977,1922.8215512961697,1827.8906856932977,1922.8215512961697,6799.006900132213,0.0
2017-11-19,1,1763.199263296211,1615.139569945523,0.0,1615.139569945523,5183.867330186689,0.0
2017-11-26,1,1781.874338097658,1497.7673651817768,0.0,1497.7673651817768,3686.0999650049125,0.0
2017-12-03,1,1700.5259444567946,2050.961475581527,5245.599545850664,2050.961475581527,6880.738035274049,0.0
2017-12-10,1,1387.4251612126586,1440.7113679537417,0.0,1440.7113679537417,5440.026667320308,0.0
2017-12-17,1,1284.0415626198385,1536.3204355986816,0.0,1536.3204355986816,3903.706231721626,0.0
2017-12-24,1,1323.3436272511997,1306.4157343012603,3994.810351083696,1306.4157343012603,6592.100848504061,0.0
2017-12-31,1,1312.6841620147693,1434.262021800616,1312.6841620147693,1434.262021800616,6470.522988718214,0.0
2017-07-09,2,5908.763850044247,5827.066739593054,5908.763850044247,5827.066739593054,81.69711045119311,0.0
2017-07-16,2,5869.554672932494,5737.034038976679,5869.554672932494,5737.034038976679,214.21774440700847,0.0
2017-07-23,2,5888.871055305394,5989.787626395099,5888.871055305394,5989.787626395099,113.30117331730344,0.0
2017-07-30,2,5910.523628041805,5800.78945120885,5910.523628041805,5800.78945120885,223.03535015025864,0.0
2017-08-06,2,5603.027998309569,5803.119171982433,5603.027998309569,5803.119171982433,22.94417647739465,0.0
2017-08-13,2,5255.412739165469,5034.346260372326,5255.412739165469,5034.346260372326,244.01065527053834,0.0
2017-08-20,2,5239.046300388276,4762.614002322087,613.6106832203059,857.6213384908442,0.0,3904.9926638312427
2017-08-27,2,5180.607833409678,5857.787232631704,9806.043450577648,5857.787232631704,3948.2562179459446,0.0
2017-09-03,2,5181.259463429951,5589.06841859601,0.0,3948.2562179459446,0.0,1640.8122006500653
2017-09-10,2,4946.807385557409,4522.788052490769,0.0,0.0,0.0,4522.788052490769
2017-09-17,2,4884.521522598069,5158.4379314566295,15012.588371585429,5158.4379314566295,9854.1504401288,0.0
2017-09-24,2,4929.8024235548255,4009.277576368989,4929.8024235548255,4009.277576368989,10774.675287314636,0.0
2017-10-01,2,4980.884826244979,4923.735926212997,0.0,4923.735926212997,5850.939361101639,0.0
2017-10-08,2,4697.381294289466,4669.419964879404,0.0,4669.419964879404,1181.5193962222356,0.0
2017-10-15,2,4511.405759008054,4810.119772833067,0.0,1181.5193962222356,0.0,3628.6003766108315
2017-10-22,2,4466.827478283243,4216.604271966732,18656.49935782573,4216.604271966732,14439.895085859,0.0
2017-10-29,2,4542.855687646363,4813.22693545124,4542.855687646363,4813.22693545124,14169.523838054123,0.0
2017-11-05,2,4766.823263728923,4882.98465061021,4766.823263728923,4882.98465061021,14053.362451172834,0.0
2017-11-12,2,4854.143105609712,5598.1565083348305,4854.143105609712,5598.1565083348305,13309.349048447717,0.0
2017-11-19,2,4948.846714489126,4652.216482079666,4948.846714489126,4652.216482079666,13605.979280857175,0.0
2017-11-26,2,4837.377840365271,4547.437494954771,4837.377840365271,4547.437494954771,13895.919626267674,0.0
2017-12-03,2,4298.4176666339135,5052.936475446107,4298.4176666339135,5052.936475446107,13141.400817455484,0.0
2017-12-10,2,3685.021850645745,3672.973764532936,3685.021850645745,3672.973764532936,13153.448903568293,0.0
2017-12-17,2,3528.124922821213,3540.566344479079,905.1746495135276,3540.566344479079,10518.05720860274,0.0
2017-12-24,2,3592.9059190758567,3249.589228580894,6215.856192383542,3249.589228580894,13484.324172405388,0.0
2017-12-31,2,3418.730526574246,4071.5086222466534,3418.730526574246,4071.5086222466534,12831.546076732982,0.0
2017-07-09,3,3664.1590025473743,3901.4823813202142,0.0,0.0,0.0,3901.4823813202142
2017-07-16,3,3773.452019255466,3798.9334632891,7437.611021802841,3798.9334632891,3638.6775585137407,0.0
2017-07-23,3,3772.093686223076,3728.470070641153,3772.093686223076,3728.470070641153,3682.3011740956636,0.0
2017-07-30,3,3713.170067947749,3302.369076887456,3713.170067947749,3302.369076887456,4093.1021651559568,0.0
2017-08-06,3,3577.233895027374,4105.911162038219,0.0,4093.1021651559568,0.0,12.808996882262363
2017-08-13,3,3369.822026801889,3254.3333341322223,575.9107754941942,575.9107754941942,0.0,2678.422558638028
2017-08-20,3,3347.816748199178,3817.446577042218,0.0,0.0,0.0,3817.446577042218
2017-08-27,3,3343.3392542070114,2805.9030743481903,0.0,0.0,0.0,2805.9030743481903
2017-09-03,3,3199.663351946915,3570.374933334686,9218.983426113857,3570.374933334686,5648.608492779171,0.0
2017-09-10,3,3116.374173730088,2782.644001350193,0.0,2782.644001350193,2865.964491428978,0.0
2017-09-17,3,3049.7916471815743,3380.0997106721325,0.0,2865.964491428978,0.0,514.1352192431546
2017-09-24,3,2944.47913631958,3146.5470175840255,0.0,0.0,0.0,3146.5470175840255
2017-10-01,3,3017.326683312702,3169.6978424728227,13047.004409563498,3169.6978424728227,9877.306567090676,0.0
2017-10-08,3,2836.212090495087,1916.9199286520115,0.0,1916.9199286520115,7960.386638438665,0.0
2017-10-15,3,2845.964452915913,3297.3392009635677,0.0,3297.3392009635677,4663.0474374750975,0.0
2017-10-22,3,2788.561013570016,2996.9483948637076,1522.6774554287326,2996.9483948637076,3188.776498040123,0.0
2017-10-29,3,2898.12184095276,2660.9915176729382,15970.13024805983,2660.9915176729382,16497.915228427017,0.0
2017-11-05,3,3029.8537348323493,3104.075022870633,3029.8537348323493,3104.075022870633,16423.69394038873,0.0
2017-11-12,3,2946.3576993594843,2914.31306928055,2946.3576993594843,2914.31306928055,16455.738570467664,0.0
2017-11-19,3,3160.633177448784,2489.347648279265,3160.633177448784,2489.347648279265,17127.024099637183,0.0
2017-11-26,3,3141.5246667233505,3143.1719879243064,0.0,3143.1719879243064,13983.852111712877,0.0
2017-12-03,3,2700.305680654648,2633.077750212909,5841.830347377998,2633.077750212909,17192.604708877963,0.0
2017-12-10,3,2323.1829621512347,1842.8783359465538,0.0,1842.8783359465538,15349.726372931409,0.0
2017-12-17,3,2145.6950976016924,1995.5553383850379,4468.878059752928,1995.5553383850379,17823.0490942993,0.0
2017-12-24,3,2254.0687368368453,1891.9646940469268,2254.0687368368453,1891.9646940469268,18185.153137089215,0.0
2017-12-31,3,2285.1801997141865,1965.5823069488054,2285.1801997141865,1965.5823069488054,18504.751029854593,0.0
2017-07-09,4,2222.6009353751524,2561.1096937208285,2222.6009353751524,2222.6009353751524,0.0,338.50875834567614
2017-07-16,4,2212.532315182863,1897.3021748833185,2212.532315182863,1897.3021748833185,315.2301402995445,0.0
2017-07-23,4,2266.887734503664,2198.6309070691555,0.0,315.2301402995445,0.0,1883.400766769611
2017-07-30,4,2161.309823712324,1902.772510930793,4428.1975582159885,1902.772510930793,2525.4250472851954,0.0
2017-08-06,4,2112.7862788926795,2003.286858299952,2112.7862788926795,2003.286858299952,2634.9244678779232,0.0
2017-08-13,4,1974.926134622274,1816.4823000023575,0.0,1816.4823000023575,818.4421678755657,0.0
2017-08-20,4,1978.8582611891136,1701.4518055327892,3953.784395811388,1701.4518055327892,3070.7747581541653,0.0
2017-08-27,4,1959.8080132093448,1995.9927047554818,1959.8080132093448,1995.9927047554818,3034.590066608028,0.0
2017-09-03,4,1878.090112120288,1723.9585773914578,1873.960130613476,1723.9585773914578,3184.5916198300465,0.0
2017-09-10,4,1849.6378548861344,1938.8777792033482,1853.7678363929467,1938.8777792033482,3099.4816770196458,0.0
2017-09-17,4,1857.7487251535929,2053.518667026801,1003.5433484025192,2053.518667026801,2049.506358395364,0.0
2017-09-24,4,1821.841128799961,1528.0299184797843,2676.046505551035,1528.0299184797843,3197.522945466615,0.0
2017-10-01,4,1718.6760659929614,1867.4713391158891,1718.6760659929614,1867.4713391158891,3048.727672343687,0.0
2017-10-08,4,1736.7853647182658,1558.8712183915,0.0,1558.8712183915,1489.8564539521872,0.0
2017-10-15,4,1677.355262498618,1469.7296284026613,0.0,1469.7296284026613,20.126825549525847,0.0
2017-10-22,4,1737.2258428826851,1843.260942766503,0.0,20.126825549525847,0.0,1823.134117216977
2017-10-29,4,1649.126874413343,1994.1880832146846,6800.493344512897,1994.1880832146846,4806.305261298213,0.0
2017-11-05,4,1796.1655837917187,1705.1101953377474,0.0,1705.1101953377474,3101.1950659604654,0.0
2017-11-12,4,1870.6575250398955,1945.8040306240075,0.0,1945.8040306240075,1155.391035336458,0.0
2017-11-19,4,1813.5846779026124,1718.2345527375542,0.0,1155.391035336458,0.0,562.8435174010963
2017-11-26,4,1792.665166474355,1801.0872138685886,0.0,0.0,0.0,1801.0872138685886
2017-12-03,4,1613.7284110658202,1770.513575757948,8886.801364274404,1770.513575757948,7116.287788516456,0.0
2017-12-10,4,1383.2491968126192,1370.9216745050217,1383.2491968126174,1370.9216745050217,7128.615310824052,0.0
2017-12-17,4,1289.5953773922618,1317.1901277660277,0.0,1317.1901277660277,5811.425183058025,0.0
2017-12-24,4,1339.0406832537865,1366.285291852681,2628.636060646045,1366.285291852681,7073.7759518513885,0.0
2017-12-31,4,1282.6323844294952,1354.8406418711834,1282.6323844294952,1354.8406418711834,7001.5676944096995,0.0
2017-07-09,5,1895.7917594821824,1851.4011556566381,1895.7917594821824,1851.4011556566381,44.390603825544304,0.0
2017-07-16,5,1884.253714161083,1781.6781970999125,1884.253714161083,1781.6781970999125,146.96612088671486,0.0
2017-07-23,5,1880.189176662624,1602.1990722879723,1880.189176662624,1602.1990722879723,424.9562252613666,0.0
2017-07-30,5,1896.350357222494,2050.433720577468,1896.350357222494,2050.433720577468,270.87286190639225,0.0
2017-08-06,5,1731.5375753206174,1591.5438700390273,1731.5375753206174,1591.5438700390273,410.86656718798235,0.0
2017-08-13,5,1622.79177177213,1596.6184591925287,1622.79177177213,1596.6184591925287,437.03987976758367,0.0
2017-08-20,5,1606.8427640471598,1701.1414715174308,0.0,437.03987976758367,0.0,1264.101591749847
2017-08-27,5,1648.2331456879035,1691.0678892353276,0.0,0.0,0.0,1691.0678892353276
2017-09-03,5,1596.6566295317984,1750.4747178808614,4851.732539266862,1750.4747178808614,3101.2578213860006,0.0
2017-09-10,5,1550.789059598502,1516.1346953274283,0.0,1516.1346953274283,1585.1231260585723,0.0
2017-09-17,5,1580.4295739086604,1362.6986326899166,3131.2186335071624,1362.6986326899166,3353.643126875818,0.0
2017-09-24,5,1549.2268165997675,1476.1138663908723,0.0,1476.1138663908723,1877.5292604849456,0.0
2017-10-01,5,1555.3253882193465,1368.6402406911152,0.0,1368.6402406911152,508.88901979383036,0.0
2017-10-08,5,1432.0538732478112,1395.8847533016499,2606.072936359661,1395.8847533016499,1719.0772028518415,0.0
2017-10-15,5,1414.2840783152487,1715.9555923443893,0.0,1715.9555923443893,3.12161050745226,0.0
2017-10-22,5,1475.645425802972,1472.5610916504536,0.0,3.12161050745226,0.0,1469.4394811430013
2017-10-29,5,1401.6710005510852,1260.6604615812382,6222.133646376571,1260.6604615812382,4961.473184795333,0.0
2017-11-05,5,1498.2953216211477,1427.719872659919,1498.2953216211477,1427.719872659919,5032.048633756561,0.0
2017-11-12,5,1538.100783599417,1644.2518850441459,1538.100783599417,1644.2518850441459,4925.897532311832,0.0
2017-11-19,5,1584.8115306456014,1464.5033111136026,1584.8115306456014,1464.5033111136026,5046.2057518438305,0.0
2017-11-26,5,1586.2922227793808,1514.8986870644749,1586.2922227793808,1514.8986870644749,5117.599287558736,0.0
2017-12-03,5,1325.14303257759,1410.6645768761805,0.0,1410.6645768761805,3706.9347106825558,0.0
2017-12-10,5,1118.0077111019511,972.1670150557775,0.0,972.1670150557775,2734.7676956267783,0.0
2017-12-17,5,1101.826733890412,1089.4501290788994,3544.977477569954,1089.4501290788994,5190.295044117833,0.0
2017-12-24,5,1068.4060068149324,987.5970388628624,1068.4060068149338,987.5970388628624,5271.1040120699045,0.0
2017-12-31,5,1055.957811672186,987.2527013251206,1055.957811672186,987.2527013251206,5339.809122416969,0.0
2017-07-09,6,6069.269455880833,5927.1654277503785,6069.269455880833,5927.1654277503785,142.10402813045494,0.0
2017-07-16,6,5974.744273625514,6041.017684393987,5974.744273625514,6041.017684393987,75.83061736198215,0.0
2017-07-23,6,5988.78514340799,5557.6859133277385,5988.78514340799,5557.6859133277385,506.92984744223395,0.0
2017-07-30,6,6124.000119881865,6954.561529637496,6124.000119881865,6630.929967324099,0.0,323.6315623133969
2017-08-06,6,5549.59261676342,5271.137898314842,0.0,0.0,0.0,5271.137898314842
2017-08-13,6,5314.2884218685485,5529.0127008901045,0.0,0.0,0.0,5529.0127008901045
2017-08-20,6,5215.1639692128965,6357.522494801286,0.0,0.0,0.0,6357.522494801286
2017-08-27,6,5319.817029164055,5735.732491871144,21398.86203700892,5735.732491871144,15663.129545137775,0.0
2017-09-03,6,5260.495125329606,5477.638330727455,0.0,5477.638330727455,10185.491214410322,0.0
2017-09-10,6,4928.731931344403,5280.6436347671415,0.0,5280.6436347671415,4904.84757964318,0.0
2017-09-17,6,4851.411067227495,4396.433589450765,0.0,4396.433589450765,508.41399019241544,0.0
2017-09-24,6,4870.3104696576165,5400.663218992624,0.0,508.41399019241544,0.0,4892.249228800209
2017-10-01,6,4843.690085813071,4681.668053839569,23765.028546808317,4681.668053839569,19083.360492968746,0.0
2017-10-08,6,4640.190909997878,4061.195692137726,0.0,4061.195692137726,15022.16480083102,0.0
2017-10-15,6,4541.49148321065,3654.952471609564,4989.793000297755,3654.952471609564,16357.00532951921,0.0
2017-10-22,6,4472.887756299734,4525.366977927788,9654.38728177441,4525.366977927788,21486.025633365833,0.0
2017-10-29,6,4522.829069669684,3973.672314271858,4522.829069669684,3973.672314271858,22035.18238876366,0.0
2017-11-05,6,4821.57792669236,4933.462612277753,4821.57792669236,4933.462612277753,21923.29770317827,0.0
2017-11-12,6,4860.423097581216,4665.412972703581,0.0,4665.412972703581,17257.88473047469,0.0
2017-11-19,6,4888.188047464024,4961.703358410609,0.0,4961.703358410609,12296.181372064078,0.0
2017-11-26,6,4889.612312567787,5194.161782376621,4993.423349237988,5194.161782376621,12095.442938925444,0.0
2017-12-03,6,4264.910643560566,4848.619773243826,13909.710751935609,4848.619773243826,21156.533917617224,0.0
2017-12-10,6,3696.1843759912745,3943.7076971928586,3696.1843759912745,3943.7076971928586,20909.01059641564,0.0
2017-12-17,6,3563.997635778141,3485.244122746616,3563.997635778141,3485.244122746616,20987.764109447166,0.0
2017-12-24,6,3556.385547094402,3050.5772933829458,3556.385547094402,3050.5772933829458,21493.572363158622,0.0
2017-12-31,6,3397.094847422964,3231.6137342993657,3397.094847422964,3231.6137342993657,21659.05347628222,0.0
2017-07-09,7,5853.265990431317,6777.621256897587,5853.265990431317,5853.265990431317,0.0,924.3552664662702
2017-07-16,7,5929.8941242039,5247.367119028606,0.0,0.0,0.0,5247.367119028606
2017-07-23,7,5880.144052727326,5609.281819775844,0.0,0.0,0.0,5609.281819775844
2017-07-30,7,6080.599968439335,6036.813494138466,17176.971537466165,6036.813494138466,11140.158043327698,0.0
2017-08-06,7,5648.54445150171,6165.613406785606,6362.2110594060905,6165.613406785606,11336.755695948183,0.0
2017-08-13,7,5207.608657008626,6189.860459795784,5207.608657008626,6189.860459795784,10354.503893161023,0.0
2017-08-20,7,5167.787655080348,4655.899515788445,0.0,4655.899515788445,5698.604377372579,0.0
2017-08-27,7,5218.73790112724,4573.205745458667,3895.03260580931,4573.205745458667,5020.431237723222,0.0
2017-09-03,7,5292.875265656052,5727.981454427661,11784.368216054329,5727.981454427661,11076.81799934989,0.0
2017-09-10,7,4895.50650060557,5127.180287348663,0.0,5127.180287348663,5949.637712001228,0.0
2017-09-17,7,4872.851570440833,5123.820611505846,0.0,5123.820611505846,825.817100495382,0.0
2017-09-24,7,4915.674366512797,4947.272330727448,14684.0324375592,4947.272330727448,10562.577207327135,0.0
2017-10-01,7,4698.133891253286,4474.998224967573,4698.133891253286,4474.998224967573,10785.712873612847,0.0
2017-10-08,7,4630.0541038806905,5385.86936957968,4630.0541038806905,5385.86936957968,10029.89760791386,0.0
2017-10-15,7,4509.109557969962,4440.66799569173,0.0,4440.66799569173,5589.22961222213,0.0
2017-10-22,7,4455.099035538739,5024.311400035611,8964.208593508702,5024.311400035611,9529.126805695221,0.0
2017-10-29,7,4713.176423943922,5259.014510473283,0.0,5259.014510473283,4270.112295221938,0.0
2017-11-05,7,4716.046166140626,4033.122905443953,0.0,4033.122905443953,236.98938977798525,0.0
2017-11-12,7,4927.677490632113,5038.1030384758205,0.0,236.98938977798525,0.0,4801.113648697836
2017-11-19,7,4896.956443074917,5064.312855829049,0.0,0.0,0.0,5064.312855829049
2017-11-26,7,4904.327148160454,4380.731162585276,13281.268458006618,4380.731162585276,8900.537295421342,0.0
2017-12-03,7,4275.78241943147,3863.202142546931,0.0,3863.202142546931,5037.335152874411,0.0
2017-12-10,7,3681.3537594355216,3816.3115425826313,18834.05139281241,3816.3115425826313,20055.075003104186,0.0
2017-12-17,7,3531.0124617884885,3747.8754889353736,0.0,3747.8754889353736,16307.199514168813,0.0
2017-12-24,7,3395.307375574976,3175.7760073034324,6926.319837363468,3175.7760073034324,20057.74334422885,0.0
2017-12-31,7,3434.093309756496,3230.6597085595868,3434.093309756496,3230.6597085595868,20261.17694542576,0.0
2017-07-09,8,7784.473866164424,8381.881425472204,7784.473866164424,7784.473866164424,0.0,597.4075593077796
2017-07-16,8,7881.332272813407,8177.432364495386,7881.332272813407,7881.332272813407,0.0,296.1000916819785
2017-07-23,8,7893.031074358223,8727.420932452287,7589.528505271512,7589.528505271512,0.0,1137.8924271807755
2017-07-30,8,7983.258769532902,8784.405050294028,8286.761338619614,8286.761338619614,0.0,497.6437116744146
2017-08-06,8,7261.353012518579,7500.070798568197,2916.211777802168,2916.211777802168,0.0,4583.859020766029
2017-08-13,8,7057.869384576146,7181.084124617357,11403.010619292558,7181.084124617357,4221.926494675201,0.0
2017-08-20,8,6711.377578888891,6331.313790345718,4756.3981649000525,6331.313790345718,2647.0108692295353,0.0
2017-08-27,8,6822.291914926058,5921.437867380508,8777.271328914896,5921.437867380508,5502.8443307639245,0.0
2017-09-03,8,6691.899454226357,7961.214246766591,0.0,5502.8443307639245,0.0,2458.3699160026663
2017-09-10,8,6506.849962780636,6459.461282019563,13198.74941700704,6459.461282019563,6739.288134987477,0.0
2017-09-17,8,6525.061693476317,6860.3101961706725,6525.061693476317,6860.3101961706725,6404.039632293121,0.0
2017-09-24,8,6329.813907024954,5647.62151866891,0.0,5647.62151866891,756.4181136242114,0.0
2017-10-01,8,6375.5925769936375,5959.056476440647,12705.406484018593,5959.056476440647,7502.768121202157,0.0
2017-10-08,8,6214.108205047878,5325.402877931513,0.0,5325.402877931513,2177.365243270644,0.0
2017-10-15,8,6040.030136284686,6395.375501970852,12254.138341332564,6395.375501970852,8036.1280826323555,0.0
2017-10-22,8,6038.893754147319,5681.650077630024,6038.893754147319,5681.650077630024,8393.37175914965,0.0
2017-10-29,8,6104.659957892388,6587.9431126916625,0.0,6587.9431126916625,1805.4286464579873,0.0
2017-11-05,8,6345.321542280326,5452.240521527253,2962.332607428862,4767.761253886849,0.0,684.479267640404
2017-11-12,8,6382.052965366456,6390.08950224151,15869.701858110308,6390.08950224151,9479.612355868798,0.0
2017-11-19,8,6378.169978474841,7574.823630592513,6378.169978474841,7574.823630592513,8282.958703751126,0.0
2017-11-26,8,6418.842798758788,6327.451645546797,6418.842798758788,6327.451645546797,8374.34985696312,0.0
2017-12-03,8,5711.525813796248,6103.365876133617,5711.525813796248,6103.365876133617,7982.50979462575,0.0
2017-12-10,8,4848.9100917834985,4393.170833684895,1001.350700748015,4393.170833684895,4590.68966168887,0.0
2017-12-17,8,4506.946983629937,4848.351692517349,8354.50637466542,4848.351692517349,8096.84434383694,0.0
2017-12-24,8,4551.4680472510845,4059.2049292491724,4551.4680472510845,4059.2049292491724,8589.107461838852,0.0
2017-12-31,8,4473.061207366051,4086.592847828339,4473.061207366051,4086.592847828339,8975.575821376566,0.0
2017-07-09,9,5224.920010447486,4979.623399101078,5224.920010447486,4979.623399101078,245.2966113464081,0.0
2017-07-16,9,5199.911242783689,4887.584455127722,5199.911242783689,4887.584455127722,557.6233990023748,0.0
2017-07-23,9,5252.366269441024,5432.847180810265,5252.366269441024,5432.847180810265,377.1424876331339,0.0
2017-07-30,9,5143.796204586175,5329.81440589434,5143.796204586175,5329.81440589434,191.12428632496903,0.0
2017-08-06,9,4893.644507211823,4634.3986960814245,0.0,191.12428632496903,0.0,4443.2744097564555
2017-08-13,9,4603.181984873004,4721.737116750207,9496.826492084829,4721.737116750207,4775.089375334622,0.0
2017-08-20,9,4586.203717192244,4631.9058632910655,0.0,4631.9058632910655,143.18351204355622,0.0
2017-08-27,9,4642.279411832829,4884.579270257141,9228.483129025071,4884.579270257141,4487.087370811486,0.0
2017-09-03,9,4536.147293050178,4424.835629234867,4536.147293050235,4424.835629234867,4598.399034626853,0.0
2017-09-10,9,4378.406304058205,4007.645608715446,0.0,4007.645608715446,590.7534259114068,0.0
2017-09-17,9,4250.9963202685085,4469.94290219349,6397.607053782787,4469.94290219349,2518.4175775007043,0.0
2017-09-24,9,4332.485796415443,4022.5814803662333,0.0,2518.4175775007043,0.0,1504.163902865529
2017-10-01,9,4118.224785030756,4845.278525947081,10682.506151990066,4845.278525947081,5837.227626042985,0.0
2017-10-08,9,3952.8885262672616,3778.943846016094,0.0,3778.943846016094,2058.2837800268912,0.0
2017-10-15,9,3942.479563890289,4053.2600335067614,7895.36809015755,4053.2600335067614,5900.39183667768,0.0
2017-10-22,9,3885.498873005432,4098.073498801473,0.0,4098.073498801473,1802.318337876207,0.0
2017-10-29,9,3814.1926799563225,4052.2440037179235,7699.691552961754,4052.2440037179235,5449.7658871200365,0.0
2017-11-05,9,4173.834397083045,3873.967676778149,4173.834397083045,3873.967676778149,5749.632607424932,0.0
2017-11-12,9,4272.422558534285,4314.153915221249,4272.422558534285,4314.153915221249,5707.9012507379675,0.0
2017-11-19,9,4346.345363209637,4759.432387428022,0.0,4759.432387428022,948.4688633099458,0.0
2017-11-26,9,4287.101833351422,4338.673795677048,0.0,948.4688633099458,0.0,3390.2049323671017
2017-12-03,9,3748.377197420212,4145.11461859003,12381.824393981273,4145.11461859003,8236.709775391242,0.0
2017-12-10,9,3496.404821247016,3316.73614452148,3496.404821247016,3316.73614452148,8416.378452116776,0.0
2017-12-17,9,2955.8892197162604,2799.0789573893544,0.0,2799.0789573893544,5617.299494727422,0.0
2017-12-24,9,3091.5624519200364,3613.1528249261683,4141.8535633315805,3613.1528249261683,6146.000233132834,0.0
2017-12-31,9,2925.48638762672,2939.6813238325276,4831.084495931443,2939.6813238325276,8037.40340523175,0.0
2017-07-09,10,7494.507865014669,7901.12991640444,7494.507865014669,7494.507865014669,0.0,406.6220513897715
2017-07-16,10,7441.74493851087,7224.673889898932,7441.74493851087,7224.673889898932,217.07104861193784,0.0
2017-07-23,10,7408.180083260076,6102.08818676548,0.0,217.07104861193784,0.0,5885.017138153542
2017-07-30,10,7491.209841939623,7007.937096446865,14899.3899251997,7007.937096446865,7891.452828752836,0.0
2017-08-06,10,6766.535684008096,7113.839924168172,6766.535684008096,7113.839924168172,7544.148588592759,0.0
2017-08-13,10,6606.454552939315,6557.272197023202,0.0,6557.272197023202,986.8763915695563,0.0
2017-08-20,10,6610.077141286727,6277.27585003994,13216.531694226043,6277.27585003994,7926.132235755659,0.0
2017-08-27,10,6594.120301763974,6789.955568071943,6594.120301763974,6789.955568071943,7730.29696944769,0.0
2017-09-03,10,6437.108938911329,5951.920758794695,6437.108938911329,5951.920758794695,8215.485149564323,0.0
2017-09-10,10,6262.729795301044,5314.0219103641175,0.0,5314.0219103641175,2901.463239200206,0.0
2017-09-17,10,6148.174563856111,8516.90113907719,0.0,2901.463239200206,0.0,5615.437899876984
2017-09-24,10,6183.799896769764,6604.049545740485,18594.70425592692,6604.049545740485,11990.654710186436,0.0
2017-10-01,10,6116.993509813868,6364.720559568016,6116.993509813868,6364.720559568016,11742.927660432288,0.0
2017-10-08,10,5876.908180969734,5953.743217793467,5876.908180969734,5953.743217793467,11666.092623608554,0.0
2017-10-15,10,5623.1189599393765,5272.967612314544,5623.1189599393765,5272.967612314544,12016.243971233387,0.0
2017-10-22,10,5760.434992185036,5643.963229160745,5760.434992185036,5643.963229160745,12132.71573425768,0.0
2017-10-29,10,5745.558244009961,6106.5778160939635,0.0,6106.5778160939635,6026.137918163716,0.0
2017-11-05,10,6062.884054320856,5933.47352106546,11808.442298330818,5933.47352106546,11901.106695429075,0.0
2017-11-12,10,6253.483139773628,5770.082774751607,0.0,5770.082774751607,6131.023920677468,0.0
2017-11-19,10,6260.034580767757,5898.890897345959,12513.517720541386,5898.890897345959,12745.650743872895,0.0
2017-11-26,10,6106.650493923007,6420.80030993281,0.0,6420.80030993281,6324.850433940085,0.0
2017-12-03,10,5435.228920798543,4479.313748722814,0.0,4479.313748722814,1845.536685217271,0.0
2017-12-10,10,4627.136223083509,4137.023697572286,0.0,1845.536685217271,0.0,2291.4870123550154
2017-12-17,10,4304.480700198286,4056.6208498305705,20473.496338003344,4056.6208498305705,16416.875488172773,0.0
2017-12-24,10,4327.20828747258,4708.7121737562775,4327.20828747258,4708.7121737562775,16035.371601889077,0.0
2017-12-31,10,4315.952880472307,3957.3187256270053,4315.952880472307,3957.3187256270053,16394.00575673438,0.0
2017-07-09,11,7103.766450249647,6774.56534438432,270.85375834767365,270.85375834767365,0.0,6503.711586036647
2017-07-16,11,7176.341795146523,6744.5365641707385,11400.517056650186,6744.5365641707385,4655.980492479447,0.0
2017-07-23,11,7069.300042106255,7298.404723955114,9678.037472504566,7298.404723955114,7035.6132410289,0.0
2017-07-30,11,7251.977089836564,7514.060354988028,0.0,7035.6132410289,0.0,478.4471139591278
2017-08-06,11,6641.2566972027325,6705.728389678304,7561.94900807311,6705.728389678304,856.2206183948065,0.0
2017-08-13,11,6364.194962758125,5143.05155244898,12695.479741724308,5143.05155244898,8408.648807670133,0.0
2017-08-20,11,6264.928202035944,5293.448695920741,0.0,5293.448695920741,3115.200111749393,0.0
2017-08-27,11,6263.1888863746535,6420.077290014913,10133.018886699889,6420.077290014913,6828.141708434368,0.0
2017-09-03,11,6242.019685237002,5686.783027234514,0.0,5686.783027234514,1141.3586811998548,0.0
2017-09-10,11,5883.889604107573,5621.165135652999,0.0,1141.3586811998548,0.0,4479.806454453144
2017-09-17,11,5829.472954525907,6162.272033734037,0.0,0.0,0.0,6162.272033734037
2017-09-24,11,5873.4786701733765,5444.499386893679,0.0,0.0,0.0,5444.499386893679
2017-10-01,11,5535.043622351551,4837.138853354791,0.0,0.0,0.0,4837.138853354791
2017-10-08,11,5439.138490977441,6223.0669932351575,0.0,0.0,0.0,6223.0669932351575
2017-10-15,11,5432.765851630204,5319.69790615966,0.0,0.0,0.0,5319.69790615966
2017-10-22,11,5397.615386805594,5280.119445609835,0.0,0.0,0.0,5280.119445609835
2017-10-29,11,5398.64886523837,5392.037262605087,0.0,0.0,0.0,5392.037262605087
2017-11-05,11,5758.138175339443,5937.163047586615,3338.717471588627,3338.717471588627,0.0,2598.445575997988
2017-11-12,11,5844.594407362608,5858.919610102338,23592.242743428167,5858.919610102338,17733.32313332583,0.0
2017-11-19,11,5860.745670573565,5334.207681025099,40033.97041115732,5334.207681025099,52433.08586345805,0.0
2017-11-26,11,5900.280321105828,6320.153047245228,9825.999280965065,6320.153047245228,55938.93209717789,0.0
2017-12-03,11,5000.875770840943,4409.1428881777865,0.0,4409.1428881777865,51529.7892090001,0.0
2017-12-10,11,4295.11064517864,4268.1892793858215,0.0,4268.1892793858215,47261.599929614276,0.0
2017-12-17,11,4100.341333145631,3987.5607488873575,13396.327749165215,3987.5607488873575,56670.36692989214,0.0
2017-12-24,11,4036.0779350270855,4032.8601148568973,4036.0779350270855,4032.8601148568973,56673.58475006232,0.0
2017-12-31,11,4116.683502039882,4228.022017310076,4116.683502039882,4228.022017310076,56562.246234792125,0.0
2017-07-09,12,7004.979561443636,6678.736820952054,7004.979561443636,6678.736820952054,326.2427404915825,0.0
2017-07-16,12,7149.452451720555,8473.729932471148,0.0,326.2427404915825,0.0,8147.487191979565
2017-07-23,12,7099.312206974724,6825.930273569802,14248.76465869528,6825.930273569802,7422.834385125478,0.0
2017-07-30,12,7351.015057349492,8481.628053234039,0.0,7422.834385125478,0.0,1058.7936681085612
2017-08-06,12,6531.060761451159,7163.6886903957175,0.0,0.0,0.0,7163.6886903957175
2017-08-13,12,6366.543125160122,6349.662952013866,9699.76040667216,6349.662952013866,3350.097454658294,0.0
2017-08-20,12,6278.561339797512,6321.609024093376,16827.419877086126,6321.609024093376,13855.908307651043,0.0
2017-08-27,12,6358.73008587792,6579.027151170616,6358.73008587792,6579.027151170616,13635.611242358347,0.0
2017-09-03,12,6005.330637621135,5515.409587742198,6005.330637621135,5515.409587742198,14125.532292237283,0.0
2017-09-10,12,5927.287953596878,6434.900179303719,0.0,6434.900179303719,7690.632112933565,0.0
2017-09-17,12,5928.746317581467,6601.994378340743,11856.034271178343,6601.994378340743,12944.672005771165,0.0
2017-09-24,12,5707.8750438022535,5831.426901951413,5707.8750438022535,5831.426901951413,12821.120147622005,0.0
2017-10-01,12,5605.40438396553,6119.903122155128,0.0,6119.903122155128,6701.217025466877,0.0
2017-10-08,12,5621.769184986371,4814.56062544749,10846.777755496516,4814.56062544749,12733.434155515903,0.0
2017-10-15,12,5402.263612067433,5135.931511065169,5782.659425522819,5135.931511065169,13380.162069973554,0.0
2017-10-22,12,5486.393411708524,6089.225619876559,5486.393411708524,6089.225619876559,12777.329861805518,0.0
2017-10-29,12,5436.585755617114,4948.785722098608,5436.585755617114,4948.785722098608,13265.129895324022,0.0
2017-11-05,12,5653.217548080817,6487.268513613752,5653.217548080817,6487.268513613752,12431.078929791089,0.0
2017-11-12,12,5780.374692026252,6068.236363965004,5780.374692026252,6068.236363965004,12143.217257852339,0.0
2017-11-19,12,5830.045964417169,6116.837102483262,5830.045964417169,6116.837102483262,11856.426119786243,0.0
2017-11-26,12,5852.279303012184,5194.107339276275,0.0,5194.107339276275,6662.318780509969,0.0
2017-12-03,12,5048.489501215213,4018.9852772190025,0.0,4018.9852772190025,2643.3335032909663,0.0
2017-12-10,12,4221.052156412176,4624.222711575405,15121.820960639572,4624.222711575405,13140.931752355134,0.0
2017-12-17,12,4012.127352305406,3088.56726551677,4012.127352305406,3088.56726551677,14064.491839143771,0.0
2017-12-24,12,4052.615031032408,4652.379417267811,4052.615031032408,4652.379417267811,13464.72745290837,0.0
2017-12-31,12,4001.7548011201534,3981.650741551425,4001.7548011201534,3981.650741551425,13484.8315124771,0.0
2017-07-09,13,8256.97594408259,8456.763609652222,8256.97594408259,8256.97594408259,0.0,199.78766556963274
2017-07-16,13,8248.633615205732,8237.5002490372,3224.840844932405,3224.840844932405,0.0,5012.659404104796
2017-07-23,13,8240.569064014924,7682.746814567686,0.0,0.0,0.0,7682.746814567686
2017-07-30,13,8259.320160156542,8229.730287448603,0.0,0.0,0.0,8229.730287448603
2017-08-06,13,8078.31613098152,7511.175447674029,17244.559232862346,7511.175447674029,9733.383785188318,0.0
2017-08-13,13,7640.37752686109,7686.3956811082435,0.0,7686.3956811082435,2046.9881040800747,0.0
2017-08-20,13,7766.42565643277,6941.395374712147,0.0,2046.9881040800747,0.0,4894.407270632072
2017-08-27,13,7421.778860272501,6917.079549965108,0.0,0.0,0.0,6917.079549965108
2017-09-03,13,7360.761356175002,7304.008627859965,0.0,0.0,0.0,7304.008627859965
2017-09-10,13,7195.572562845577,7349.625269959594,49742.35485515092,7349.625269959594,42392.72958519133,0.0
2017-09-17,13,7082.920772038366,7758.632662759089,0.0,7758.632662759089,34634.09692243224,0.0
2017-09-24,13,6997.152193204458,7029.039503157591,0.0,7029.039503157591,27605.05741927465,0.0
2017-10-01,13,7079.3908089718425,8581.74811660523,0.0,8581.74811660523,19023.30930266942,0.0
2017-10-08,13,6755.379038364744,7541.140241314073,0.0,7541.140241314073,11482.169061355346,0.0
2017-10-15,13,6582.452816766428,6194.5062463214,34497.29562934584,6194.5062463214,39784.95844437979,0.0
2017-10-22,13,6550.456688014052,7091.142092376531,6550.456688014052,7091.142092376531,39244.27304001731,0.0
2017-10-29,13,6580.188502425494,6630.069330651275,0.0,6630.069330651275,32614.203709366033,0.0
2017-11-05,13,6810.055173394967,7394.126108794857,13390.24367582046,7394.126108794857,38610.32127639163,0.0
2017-11-12,13,7118.025578442528,8150.953310270376,7118.025578442528,8150.953310270376,37577.39354456378,0.0
2017-11-19,13,7050.291239711924,6119.488378328483,0.0,6119.488378328483,31457.9051662353,0.0
2017-11-26,13,6890.927262818617,5833.78034647877,12564.308440796476,5833.78034647877,38188.43326055301,0.0
2017-12-03,13,6259.060779410939,6090.43740429322,0.0,6090.43740429322,32097.995856259786,0.0
2017-12-10,13,5322.552743369073,4797.894856155713,12958.523584514076,4797.894856155713,40258.62458461815,0.0
2017-12-17,13,5016.120735125315,4256.082604648244,0.0,4256.082604648244,36002.5419799699,0.0
2017-12-24,13,5013.859843518761,5052.651228606302,10029.98057864405,5052.651228606302,40979.87133000765,0.0
2017-12-31,13,4929.7732765569845,4811.977306964233,4929.7732765569845,4811.977306964233,41097.6672996004,0.0
2017-07-09,14,5835.73511531982,4719.195444400099,5835.7351153198,4719.195444400099,1116.5396709197003,0.0
2017-07-16,14,5940.636755316027,5312.289113210539,0.0,1116.5396709197003,0.0,4195.7494422908385
2017-07-23,14,5937.422795906066,6300.6008700139655,11878.059551222115,6300.6008700139655,5577.45868120815,0.0
2017-07-30,14,6032.162276459148,6975.980720129386,6032.162276459148,6975.980720129386,4633.640237537913,0.0
2017-08-06,14,5642.425310338687,5457.5443914183725,5642.425310338687,5457.5443914183725,4818.521156458228,0.0
2017-08-13,14,5237.273353989371,6527.340582003739,5237.273353989391,6527.340582003739,3528.4539284438797,0.0
2017-08-20,14,5298.485053800449,5549.417295331803,5298.48505380043,5549.417295331803,3277.521686912507,0.0
2017-08-27,14,5215.624977179758,5336.759795575286,0.0,3277.521686912507,0.0,2059.2381086627793
2017-09-03,14,5243.558786602867,5422.443830114541,0.0,0.0,0.0,5422.443830114541
2017-09-10,14,5031.967200699987,4405.115533188109,15491.150964482536,4405.115533188109,11086.035431294427,0.0
2017-09-17,14,4946.112009334274,5268.297418420163,0.0,5268.297418420163,5817.738012874264,0.0
2017-09-24,14,4844.042289219931,4528.404325272632,0.0,4528.404325272632,1289.333687601632,0.0
2017-10-01,14,4789.055566835031,5283.508917195656,0.0,1289.333687601632,0.0,3994.175229594024
2017-10-08,14,4701.535896665289,4706.347007036925,19280.745762054525,4706.347007036925,14574.398755017599,0.0
2017-10-15,14,4694.286339023079,5093.113890788194,0.0,5093.113890788194,9481.284864229405,0.0
2017-10-22,14,4521.389373780806,4889.208756148963,9215.675712803884,4889.208756148963,13807.751820884325,0.0
2017-10-29,14,4502.939569491055,4198.0177429198375,4502.939569491055,4198.0177429198375,14112.673647455544,0.0
2017-11-05,14,4668.950956949538,4594.276441696953,4668.950956949538,4594.276441696953,14187.34816270813,0.0
2017-11-12,14,4908.897762144862,5379.7940032909155,0.0,5379.7940032909155,8807.554159417214,0.0
2017-11-19,14,4948.991896934383,5855.379356112647,0.0,5855.379356112647,2952.174803304567,0.0
2017-11-26,14,4864.0252171637885,5485.490445273791,14721.914876242943,5485.490445273791,12188.599234273719,0.0
2017-12-03,14,4291.747880024652,4599.698925538694,0.0,4599.698925538694,7588.900308735025,0.0
2017-12-10,14,3667.715417600576,3852.5853352158406,0.0,3852.5853352158406,3736.314973519184,0.0
2017-12-17,14,3590.3318822033625,4081.0851083403068,11549.795179828585,4081.0851083403068,11205.025045007462,0.0
2017-12-24,14,3497.899570752797,3196.6310069405667,3497.899570752797,3196.6310069405667,11506.293608819693,0.0
2017-12-31,14,3530.483196296448,3210.0693704557348,3530.483196296448,3210.0693704557348,11826.707434660406,0.0
2017-07-09,15,8249.46491073515,6826.499997413391,8249.46491073515,6826.499997413391,1422.96491332176,0.0
2017-07-16,15,8234.010755252253,8911.295120545821,8234.010755252253,8911.295120545821,745.6805480281928,0.0
2017-07-23,15,8249.14376436635,9099.630092572565,8249.14376436635,8994.824312394543,0.0,104.80578017802145
2017-07-30,15,8253.20717064942,6091.0772628147015,0.0,0.0,0.0,6091.0772628147015
2017-08-06,15,8164.63414526797,7844.492183697892,0.0,0.0,0.0,7844.492183697892
2017-08-13,15,8076.979349613681,7921.609795592793,0.0,0.0,0.0,7921.609795592793
2017-08-20,15,7915.73955278329,7187.947275112089,32410.56021831436,7187.947275112089,25222.61294320227,0.0
2017-08-27,15,7962.593152845717,8195.95483976328,7962.593152845717,8195.95483976328,24989.251256284704,0.0
2017-09-03,15,7632.320167706044,7843.499444500566,7632.320167706044,7843.499444500566,24778.07197949018,0.0
2017-09-10,15,7528.646407959459,7659.028203493118,0.0,7659.028203493118,17119.043775997063,0.0
2017-09-17,15,7401.213931349554,7167.876418793736,4635.669099576626,7167.876418793736,14586.836456779953,0.0
2017-09-24,15,7433.75854980904,9027.514820242512,17727.949789541428,9027.514820242512,23287.27142607887,0.0
2017-10-01,15,7305.470479863244,6195.499236436457,7305.470479863244,6195.499236436457,24397.242669505657,0.0
2017-10-08,15,6911.149584118194,6232.814273568349,6911.149584118194,6232.814273568349,25075.577980055503,0.0
2017-10-15,15,6937.221328687854,7184.8908730787125,6937.221328687854,7184.8908730787125,24827.908435664645,0.0
2017-10-22,15,6971.751646045632,7881.89904831122,6971.751646045632,7881.89904831122,23917.761033399056,0.0
2017-10-29,15,6791.125321653453,7453.341352979179,6791.125321653453,7453.341352979179,23255.54500207333,0.0
2017-11-05,15,7195.385489224283,7181.702594583975,7195.385489224283,7181.702594583975,23269.22789671364,0.0
2017-11-12,15,7375.720481068387,8963.847676202902,7375.720481068387,8963.847676202902,21681.100701579126,0.0
2017-11-19,15,7348.071694388611,8214.732751018448,7348.071694388611,8214.732751018448,20814.43964494929,0.0
2017-11-26,15,7451.760451829912,7699.392893035757,7451.760451829912,7699.392893035757,20566.807203743443,0.0
2017-12-03,15,6393.195625660728,7353.681879024815,6393.195625660728,7353.681879024815,19606.320950379355,0.0
2017-12-10,15,5547.494774229976,5253.334637538302,0.0,5253.334637538302,14352.986312841054,0.0
2017-12-17,15,5117.703807343809,5959.549560378125,5887.225762953744,5959.549560378125,14280.662515416676,0.0
2017-12-24,15,5175.118096821015,5963.3527944192165,9953.090915441056,5963.3527944192165,18270.400636438513,0.0
2017-12-31,15,5169.253709858816,4871.10597583076,5169.253709858816,4871.10597583076,18568.548370466568,0.0
2017-07-09,16,2603.1185366903446,2456.7484276586456,0.0,0.0,0.0,2456.7484276586456
2017-07-16,16,2665.090450058481,2339.72457480325,5268.208986748826,2339.72457480325,2928.4844119455756,0.0
2017-07-23,16,2678.0444945179224,2927.4454541032355,0.0,2927.4454541032355,1.0389578423400962,0.0
2017-07-30,16,2609.03626930832,2823.47361368335,4104.731080409911,2823.47361368335,1282.2964245689009,0.0
2017-08-06,16,2440.152092149706,2083.03218589201,0.0,1282.2964245689009,0.0,800.7357613231093
2017-08-13,16,2300.381277238833,2369.7486632893697,5922.883052804869,2369.7486632893697,3553.1343895154996,0.0
2017-08-20,16,2322.471847295076,2682.439749375804,2322.471847295076,2682.439749375804,3193.166487434772,0.0
2017-08-27,16,2237.396042477666,2077.5673389146154,0.0,2077.5673389146154,1115.5991485201566,0.0
2017-09-03,16,2333.0476224544227,2526.0334137041846,4570.443664932089,2526.0334137041846,3160.009399748061,0.0
2017-09-10,16,2245.5031448255468,2332.0262836192514,0.0,2332.0262836192514,827.9831161288093,0.0
2017-09-17,16,2146.5334502389587,2309.4487321880174,4392.0365950645055,2309.4487321880174,2910.5709790052974,0.0
2017-09-24,16,2105.3910543801785,2238.855798259155,0.0,2238.855798259155,671.7151807461423,0.0
2017-10-01,16,2161.195360196809,2056.5429170440343,4266.586414576987,2056.5429170440343,2881.7586782790954,0.0
2017-10-08,16,2021.609798321717,2115.029089462631,2021.609798321717,2115.029089462631,2788.339387138182,0.0
2017-10-15,16,1978.2636235868213,1841.1878389129793,1978.2636235868213,1841.1878389129793,2925.4151718120233,0.0
2017-10-22,16,2062.4549481809668,2066.786895891596,2062.4549481809668,2066.786895891596,2921.083224101394,0.0
2017-10-29,16,1977.558269954328,1948.4768158595898,1977.558269954328,1948.4768158595898,2950.1646781961326,0.0
2017-11-05,16,2070.679445928247,1863.0877509987454,2070.679445928247,1863.0877509987454,3157.7563731256346,0.0
2017-11-12,16,2129.3433430223613,1965.9487005403512,0.0,1965.9487005403512,1191.8076725852834,0.0
2017-11-19,16,2169.9018886430927,2068.095375282357,4299.245231665454,2068.095375282357,3422.9575289683808,0.0
2017-11-26,16,2178.061740624822,2015.0367517601608,2178.061740624822,2015.0367517601608,3585.982517833042,0.0
2017-12-03,16,1858.7086295960007,1872.4806903734266,1858.7086295960007,1872.4806903734266,3572.210457055616,0.0
2017-12-10,16,1633.7653324993987,1504.2285178563159,1633.7653324993987,1504.2285178563159,3701.7472716986986,0.0
2017-12-17,16,1606.9790190804229,1566.9594500242247,1606.9790190804229,1566.9594500242247,3741.7668407548963,0.0
2017-12-24,16,1540.9296575969497,1623.9719045060056,1540.9296575969497,1623.9719045060056,3658.724593845841,0.0
2017-12-31,16,1551.8318013392482,1669.0558140081528,1551.8318013392482,1669.0558140081528,3541.500581176936,0.0
2017-07-09,17,3269.550675664588,2938.4004082822344,3269.550675664588,2938.4004082822344,331.15026738235383,0.0
2017-07-16,17,3330.8699920663144,3400.4397401699575,3330.8699920663144,3400.4397401699575,261.58051927871065,0.0
2017-07-23,17,3342.505607013401,3061.996679325844,3342.505607013401,3061.996679325844,542.0894469662676,0.0
2017-07-30,17,3385.695711379129,3415.1671999413393,0.0,542.0894469662676,0.0,2873.0777529750717
2017-08-06,17,3147.102599327849,3240.29468869421,6532.798310706978,3240.29468869421,3292.5036220127677,0.0
2017-08-13,17,3016.907657152095,3006.43543677039,3016.907657152095,3006.43543677039,3302.9758423944722,0.0
2017-08-20,17,3038.9538484643003,2800.926787757546,3038.9538484643003,2800.926787757546,3541.002903101227,0.0
2017-08-27,17,2942.856783486656,3491.9275011445407,0.0,3491.9275011445407,49.075401956686164,0.0
2017-09-03,17,2940.785603360313,2944.609181005412,0.0,49.075401956686164,0.0,2895.533779048726
2017-09-10,17,2716.3387359363905,2476.253116836534,0.0,0.0,0.0,2476.253116836534
2017-09-17,17,2697.604650611601,2489.1269613269546,11297.58577339496,2489.1269613269546,8808.458812068005,0.0
2017-09-24,17,2770.287752868744,2209.2649823056945,2770.287752868744,2209.2649823056945,9369.481582631055,0.0
2017-10-01,17,2776.2060179780174,3127.926653639552,0.0,3127.926653639552,6241.554928991503,0.0
2017-10-08,17,2591.0514870038696,2642.628879025687,5367.257504981887,2642.628879025687,8966.183554947704,0.0
2017-10-15,17,2577.432074371053,2809.2978316752396,2577.432074371053,2809.2978316752396,8734.317797643516,0.0
2017-10-22,17,2586.409461453618,2762.790423175988,0.0,2762.790423175988,5971.527374467529,0.0
2017-10-29,17,2588.8345630331696,2375.1269955588245,5175.244024486788,2375.1269955588245,8771.64440339549,0.0
2017-11-05,17,2678.4077307700018,2673.4491581137204,2678.4077307700018,2673.4491581137204,8776.602976051772,0.0
2017-11-12,17,2711.025519067221,2947.5138697630937,0.0,2947.5138697630937,5829.0891062886785,0.0
2017-11-19,17,2749.5680874472328,2278.530084378011,0.0,2278.530084378011,3550.5590219106675,0.0
2017-11-26,17,2705.217793551172,3124.8381860197296,8165.811400065619,3124.8381860197296,8591.532235956556,0.0
2017-12-03,17,2430.645696253714,2826.5044329231896,2430.645696253714,2826.5044329231896,8195.67349928708,0.0
2017-12-10,17,2045.4737200741192,2023.580941220407,0.0,2023.580941220407,6172.0925580666735,0.0
2017-12-17,17,1966.1759687448905,2079.5372132821685,4011.649688819008,2079.5372132821685,8104.205033603514,0.0
2017-12-24,17,1965.9631698603248,1762.0443961118176,1965.9631698603248,1762.0443961118176,8308.12380735202,0.0
2017-12-31,17,1978.721537393505,2077.8391001538,1978.721537393505,2077.8391001538,8209.006244591725,0.0
2017-07-09,18,8266.350391708706,8526.118247797942,8266.350391708706,8266.350391708706,0.0,259.7678560892364
2017-07-16,18,8239.412111704949,6624.759136340813,8239.412111704949,6624.759136340813,1614.6529753641362,0.0
2017-07-23,18,8249.313977555837,7994.23498014157,8249.313977555837,7994.23498014157,1869.7319727784043,0.0
2017-07-30,18,8284.315803644891,8036.608671757854,8284.315803644891,8036.608671757854,2117.4391046654428,0.0
2017-08-06,18,7880.300899432705,8086.020309048788,7880.300899432705,8086.020309048788,1911.7196950493608,0.0
2017-08-13,18,7597.885515797157,6709.937322331188,7597.885515797157,6709.937322331188,2799.6678885153297,0.0
2017-08-20,18,7561.784216881961,7318.248247871045,7561.784216881961,7318.248247871045,3043.203857526244,0.0
2017-08-27,18,7697.169784902506,8061.887029095937,0.0,3043.203857526244,0.0,5018.683171569693
2017-09-03,18,7383.097949375082,8456.25639581578,15080.267734277588,8456.25639581578,6624.011338461807,0.0
2017-09-10,18,7058.895727842037,7167.408677204132,7058.895727842037,7167.408677204132,6515.498389099712,0.0
2017-09-17,18,7083.281263748356,6915.535983745506,7083.281263748356,6915.535983745506,6683.243669102562,0.0
2017-09-24,18,6984.089613416661,7114.31097773245,0.0,6683.243669102562,0.0,431.0673086298875
2017-10-01,18,6978.46590701976,6484.621183093805,0.0,0.0,0.0,6484.621183093805
2017-10-08,18,6714.010470723169,6311.0242309282785,20676.56599115959,6311.0242309282785,14365.541760231312,0.0
2017-10-15,18,6581.01434161159,6783.248597017523,6581.01434161159,6783.248597017523,14163.307504825378,0.0
2017-10-22,18,6580.0939462268925,6375.935505549287,3056.1611403486777,6375.935505549287,10843.53313962477,0.0
2017-10-29,18,6613.578738334289,6401.027681418498,918.0735201510524,6401.027681418498,5360.578978357324,0.0
2017-11-05,18,6906.265023006404,6706.909716850125,16125.703047067856,6706.909716850125,14779.372308575053,0.0
2017-11-12,18,6970.729797269101,7098.532555518243,6970.729797269101,7098.532555518243,14651.569550325912,0.0
2017-11-19,18,7075.920933058059,8033.910320362665,0.0,8033.910320362665,6617.6592299632475,0.0
2017-11-26,18,7139.000609449596,7221.580737921054,0.0,6617.6592299632475,0.0,603.9215079578062
2017-12-03,18,6159.323901303378,5309.274711522715,0.0,0.0,0.0,5309.274711522715
2017-12-10,18,5306.80484062197,4757.421943838784,25681.050284432917,4757.421943838784,20923.628340594132,0.0
2017-12-17,18,4973.498463620442,5128.298680162832,0.0,5128.298680162832,15795.3296604313,0.0
2017-12-24,18,4972.670411149367,4878.021259889003,9946.16887476983,4878.021259889003,20863.477275312125,0.0
2017-12-31,18,4977.569173222157,4490.984288059066,4977.569173222157,4490.984288059066,21350.062160475216,0.0
2017-07-09,19,4115.158668274634,3741.4923537363165,4115.158668274634,3741.4923537363165,373.66631453831724,0.0
2017-07-16,19,4152.434861146531,3600.9142559930997,4152.434861146531,3600.9142559930997,925.1869196917487,0.0
2017-07-23,19,3982.341132330846,4114.261531182393,3982.341132330846,4114.261531182393,793.2665208402022,0.0
2017-07-30,19,3999.630102304493,4036.3310187087163,3999.630102304493,4036.3310187087163,756.5656044359794,0.0
2017-08-06,19,3772.479889231164,3774.408930465978,3772.479889231164,3774.408930465978,754.6365632011652,0.0
2017-08-13,19,3662.8805922640186,4081.48294303238,3662.8805922640186,4081.48294303238,336.03421243280445,0.0
2017-08-20,19,3602.988802426658,3896.0981449030796,0.0,336.03421243280445,0.0,3560.063932470275
2017-08-27,19,3698.346047567991,3257.7607895346564,0.0,0.0,0.0,3257.7607895346564
2017-09-03,19,3578.2825404365826,3483.580847878321,0.0,0.0,0.0,3483.580847878321
2017-09-10,19,3426.362246967813,3446.3066625005886,2655.081199124488,2655.081199124488,0.0,791.2254633761004
2017-09-17,19,3424.8386302836475,3258.6094474499837,15013.552352000508,3258.6094474499837,11754.942904550524,0.0
2017-09-24,19,3410.8952475351075,3185.166816778952,0.0,3185.166816778952,8569.776087771572,0.0
2017-10-01,19,3313.900540296273,3460.97788456905,0.0,3460.97788456905,5108.798203202522,0.0
2017-10-08,19,3242.8108494323506,3265.4463452842137,10029.791353821423,3265.4463452842137,11873.14321173973,0.0
2017-10-15,19,3182.2926223994973,3440.969134780422,286.82775404526046,3440.969134780422,8719.001831004569,0.0
2017-10-22,19,3164.5401496740747,3267.123893436382,6060.005018028312,3267.123893436382,11511.882955596499,0.0
2017-10-29,19,3168.3880871819933,3299.220797236956,0.0,3299.220797236956,8212.662158359542,0.0
2017-11-05,19,3300.5992208643115,3407.1156837453464,0.0,3407.1156837453464,4805.546474614196,0.0
2017-11-12,19,3397.286640963284,4141.225466099545,0.0,4141.225466099545,664.3210085146511,0.0
2017-11-19,19,3391.3656699093167,3352.5210200066713,0.0,664.3210085146511,0.0,2688.20001149202
2017-11-26,19,3391.40485333618,3791.352272692155,0.0,0.0,0.0,3791.352272692155
2017-12-03,19,2985.418405635912,2476.8874770071247,19634.462877891,2476.8874770071247,17157.575400883878,0.0
2017-12-10,19,2508.577499656641,2369.690280647194,2508.577499656641,2369.690280647194,17296.462619893322,0.0
2017-12-17,19,2378.995716161022,3111.4601415495613,2378.995716161022,3111.4601415495613,16563.998194504784,0.0
2017-12-24,19,2432.8802883380527,2219.8528494611755,2432.8802883380527,2219.8528494611755,16777.02563338166,0.0
2017-12-31,19,2370.2106856489454,2393.754534824795,2370.2106856489454,2393.754534824795,16753.48178420581,0.0
2017-07-09,20,4836.42183282045,4153.372187249336,0.0,0.0,0.0,4153.372187249336
2017-07-16,20,4928.765375077166,5025.7936593818295,0.0,0.0,0.0,5025.7936593818295
2017-07-23,20,4909.7271925021705,5388.693236316733,0.0,0.0,0.0,5388.693236316733
2017-07-30,20,4937.225892954106,3955.9182220342846,0.0,0.0,0.0,3955.9182220342846
2017-08-06,20,4602.457334520321,4494.489607261667,15873.176975615776,4494.489607261667,11378.687368354109,0.0
2017-08-13,20,4396.657956846988,4727.257191964827,0.0,4727.257191964827,6651.430176389282,0.0
2017-08-20,20,4186.108085872587,3670.854979108966,0.0,3670.854979108966,2980.575197280316,0.0
2017-08-27,20,4107.038227056133,4376.687303933212,0.0,2980.575197280316,0.0,1396.1121066528963
2017-09-03,20,4258.617795504664,5417.033877466828,16109.413135175972,5417.033877466828,10692.379257709144,0.0
2017-09-10,20,3947.061856447885,3495.9244098858717,0.0,3495.9244098858717,7196.454847823273,0.0
2017-09-17,20,3968.056031896536,4000.544149161359,0.0,4000.544149161359,3195.9106986619136,0.0
2017-09-24,20,3964.2687537488887,4302.196237127552,21059.81622445615,4302.196237127552,19953.53068599051,0.0
2017-10-01,20,3893.624397440324,4195.23780239238,3893.624397440324,4195.23780239238,19651.917281038455,0.0
2017-10-08,20,3766.533457663016,3621.4038022357863,0.0,3621.4038022357863,16030.51347880267,0.0
2017-10-15,20,3710.8484835000913,3944.494206822107,0.0,3944.494206822107,12086.019271980564,0.0
2017-10-22,20,3724.9815340271066,3676.5034865969556,0.0,3676.5034865969556,8409.515785383608,0.0
2017-10-29,20,3720.2780161030328,3510.556810009619,14922.641491293249,3510.556810009619,19821.600466667238,0.0
2017-11-05,20,3932.128842006864,3606.8509767926,0.0,3606.8509767926,16214.749489874637,0.0
2017-11-12,20,3922.161174852197,3605.133559600239,7854.29001685906,3605.133559600239,20463.90594713346,0.0
2017-11-19,20,3902.687576771638,4385.768611078049,3902.687576771638,4385.768611078049,19980.824912827047,0.0
2017-11-26,20,3974.939140327104,4001.777325772353,3974.939140327104,4001.777325772353,19953.986727381798,0.0
2017-12-03,20,3407.2772867483604,3388.350645470202,3407.2772867483604,3388.350645470202,19972.91336865996,0.0
2017-12-10,20,3081.873877030989,2712.7030185267386,0.0,2712.7030185267386,17260.21035013322,0.0
2017-12-17,20,2763.995119372538,3073.4450784702494,5845.868996403528,3073.4450784702494,20032.6342680665,0.0
2017-12-24,20,2879.3813482592614,2481.220572887598,2879.3813482592614,2481.220572887598,20430.795043438164,0.0
2017-12-31,20,2831.890915307405,3044.6755521629584,2831.890915307405,3044.6755521629584,20218.01040658261,0.0
