date,item,planning_demand,actual_demand,production,sales,ending_inventory,stockout
2017-07-09,1,2334.555401499113,2390.455805490297,2334.555401499113,2334.555401499113,0.0,55.90040399118379
2017-07-16,1,2284.3941847619426,2577.501851961786,0.0,0.0,0.0,2577.501851961786
2017-07-23,1,2323.096910748399,2453.3910847824704,4607.491095510341,2453.3910847824704,2154.100010727871,0.0
2017-07-30,1,2315.418036506163,2172.027312765684,2315.418036506163,2172.027312765684,2297.49073446835,0.0
2017-08-06,1,2145.706045722285,2066.1905519244306,2145.706045722285,2066.1905519244306,2377.006228266205,0.0
2017-08-13,1,1970.3927330986153,1654.0446219357834,0.0,1654.0446219357834,722.9616063304218,0.0
2017-08-20,1,1945.0710756014605,2065.8576260300065,3915.463808700076,2065.8576260300065,2572.5677890004913,0.0
2017-08-27,1,1996.1663374348157,2016.4625541974356,0.0,2016.4625541974356,556.1052348030557,0.0
2017-09-03,1,1918.856486893752,1714.7419951814456,3915.0228243285674,1714.7419951814456,2756.3860639501772,0.0
2017-09-10,1,1863.9050836123952,1932.2065325311703,0.0,1932.2065325311703,824.1795314190069,0.0
2017-09-17,1,1849.603089679648,1898.9847547037884,3713.5081732920435,1898.9847547037884,2638.7029500072617,0.0
2017-09-24,1,1880.0458811972048,2277.578327838736,1880.0458811972048,2277.578327838736,2241.17050336573,0.0
2017-10-01,1,1842.2033593661158,1657.8707699218116,1842.203359366118,1657.8707699218116,2425.5030928100364,0.0
2017-10-08,1,1795.2974645958411,1590.5699040613688,1795.2974645958357,1590.5699040613688,2630.2306533445026,0.0
2017-10-15,1,1782.020181315781,1741.1632652634146,1782.020181315781,1741.1632652634146,2671.087569396869,0.0
2017-10-22,1,1764.8387783821165,1574.6694951113582,0.0,1574.6694951113582,1096.418074285511,0.0
2017-10-29,1,1740.6053782248364,1692.193296217892,0.0,1096.418074285511,0.0,595.7752219323811
2017-11-05,1,1826.5811962669409,1668.0936432103272,0.0,0.0,0.0,1668.0936432103272
2017-11-12,1,1861.8328730485755,1922.8215512961697,7193.8582259224695,1922.8215512961697,5271.0366746263,0.0
2017-11-19,1,1797.0768975570916,1615.139569945523,1797.0768975570916,1615.139569945523,5452.974002237868,0.0
2017-11-26,1,1819.0814241649655,1497.7673651817768,0.0,1497.7673651817768,3955.2066370560915,0.0
2017-12-03,1,1741.0835329940444,2050.961475581527,3560.1649571590096,2050.961475581527,5464.410118633574,0.0
2017-12-10,1,1424.8199817415762,1440.7113679537415,395.10199476181197,1440.7113679537415,4418.800745441644,0.0
2017-12-17,1,1302.514957869606,1536.3204355986816,2332.23294484937,1536.3204355986816,5214.713254692332,0.0
2017-12-24,1,1344.8186973401075,1306.4157343012605,1344.8186973401075,1306.4157343012605,5253.116217731179,0.0
2017-12-31,1,1321.8924114074941,1434.262021800616,1321.8924114074941,1434.262021800616,5140.746607338057,0.0
2017-07-09,2,5933.857432529745,5827.066739593054,5933.857432529745,5827.066739593054,106.7906929366909,0.0
2017-07-16,2,5941.145860319094,5737.034038976679,5941.145860319094,5737.034038976679,310.9025142791061,0.0
2017-07-23,2,5991.9169700784005,5989.787626395099,5991.9169700784005,5989.787626395099,313.03185796240723,0.0
2017-07-30,2,6017.320711217005,5800.78945120885,6017.320711217005,5800.78945120885,529.5631179705624,0.0
2017-08-06,2,5749.285082457883,5803.119171982433,0.0,529.5631179705624,0.0,5273.55605401187
2017-08-13,2,5336.410481103569,5034.346260372326,11085.69556356145,5034.346260372326,6051.349303189125,0.0
2017-08-20,2,5313.222554577618,4762.614002322087,0.0,4762.614002322087,1288.735300867038,0.0
2017-08-27,2,5287.117046201667,5857.787232631704,5961.923291020908,5857.787232631704,1392.8713592562426,0.0
2017-09-03,2,5233.958358170507,5589.06841859601,9872.374667928883,5589.06841859601,5676.177608589117,0.0
2017-09-10,2,4938.902656269718,4522.788052490769,4938.902656269718,4522.788052490769,6092.292212368067,0.0
2017-09-17,2,4912.304719488695,5158.4379314566295,4912.304719488695,5158.4379314566295,5846.159000400133,0.0
2017-09-24,2,5027.151281623431,4009.277576368989,5027.151281623431,4009.277576368989,6864.032705654575,0.0
2017-10-01,2,5037.998330928903,4923.735926212997,0.0,4923.735926212997,1940.296779441578,0.0
2017-10-08,2,4768.050892552059,4669.419964879404,9806.04922348096,4669.419964879404,7076.926038043135,0.0
2017-10-15,2,4653.059373827844,4810.119772833067,0.0,4810.119772833067,2266.806265210068,0.0
2017-10-22,2,4572.3701525665265,4216.604271966732,9225.429526394371,4216.604271966732,7275.631519637706,0.0
2017-10-29,2,4671.598743338516,4813.22693545124,4671.598743338516,4813.22693545124,7134.003327524983,0.0
2017-11-05,2,4871.922560679852,4882.98465061021,4871.922560679852,4882.98465061021,7122.941237594624,0.0
2017-11-12,2,4959.731710138196,5598.156508334831,4959.731710138196,5598.156508334831,6484.516439397988,0.0
2017-11-19,2,4971.304862745111,4652.216482079666,4971.304862745111,4652.216482079666,6803.604820063432,0.0
2017-11-26,2,4902.390939864777,4547.437494954771,4902.390939864777,4547.437494954771,7158.558264973439,0.0
2017-12-03,2,4332.412223757272,5052.936475446107,490.1484263213403,5052.936475446107,2595.7702158486727,0.0
2017-12-10,2,3729.3190859267406,3672.973764532936,7571.582883362672,3672.973764532936,6494.379334678409,0.0
2017-12-17,2,3537.0148483092134,3540.566344479079,0.0,3540.566344479079,2953.8129901993298,0.0
2017-12-24,2,3597.8328416441627,3249.589228580894,0.0,2953.8129901993298,0.0,295.7762383815643
2017-12-31,2,3450.2867120224796,4071.508622246653,10585.134401975864,4071.508622246653,6513.625779729211,0.0
2017-07-09,3,3730.861261518012,3901.4823813202142,3730.861261518012,3730.861261518012,0.0,170.62111980220243
2017-07-16,3,3813.3479409312104,3798.9334632891,3813.3479409312104,3798.9334632891,14.414477642110342,0.0
2017-07-23,3,3871.9121954843176,3728.470070641153,3871.9121954843176,3728.470070641153,157.85660248527483,0.0
2017-07-30,3,3802.556722760627,3302.369076887456,3802.556722760627,3302.369076887456,658.0442483584461,0.0
2017-08-06,3,3543.4270209944857,4105.911162038219,0.0,658.0442483584461,0.0,3447.866913679773
2017-08-13,3,3413.7491374756346,3254.3333341322223,2284.0528517953107,2284.0528517953107,0.0,970.2804823369115
2017-08-20,3,3389.4345506509135,3817.446577042218,0.0,0.0,0.0,3817.446577042218
2017-08-27,3,3409.699957015975,2805.9030743481903,11472.257814341698,2805.9030743481903,8666.354739993507,0.0
2017-09-03,3,3257.066157541789,3570.374933334686,3257.066157541789,3570.374933334686,8353.04596420061,0.0
2017-09-10,3,3155.3297118856244,2782.644001350193,3155.3297118856244,2782.644001350193,8725.731674736042,0.0
2017-09-17,3,3133.8450339402416,3380.0997106721325,0.0,3380.0997106721325,5345.631964063909,0.0
2017-09-24,3,3047.6537577717527,3146.547017584025,0.0,3146.547017584025,2199.0849464798844,0.0
2017-10-01,3,3090.739142702997,3169.6978424728227,9272.237934414992,3169.6978424728227,8301.625038422055,0.0
2017-10-08,3,2895.4454507795194,1916.9199286520115,2895.4454507795194,1916.9199286520115,9280.150560549562,0.0
2017-10-15,3,2919.572667730396,3297.339200963568,0.0,3297.339200963568,5982.811359585994,0.0
2017-10-22,3,2871.646735294118,2996.948394863708,0.0,2996.948394863708,2985.862964722286,0.0
2017-10-29,3,2925.048813959318,2660.9915176729382,8716.268216983832,2660.9915176729382,9041.13966403318,0.0
2017-11-05,3,3056.39224160262,3104.075022870633,0.0,3104.075022870633,5937.064641162548,0.0
2017-11-12,3,3002.7448492058616,2914.31306928055,6059.137090808481,2914.31306928055,9081.888662690479,0.0
2017-11-19,3,3192.2111398117313,2489.347648279265,3192.2111398117313,2489.347648279265,9784.752154222944,0.0
2017-11-26,3,3201.650645629883,3143.1719879243064,0.0,3143.1719879243064,6641.580166298638,0.0
2017-12-03,3,2775.144615643902,2633.077750212909,5976.7952612737845,2633.077750212909,9985.297677359513,0.0
2017-12-10,3,2386.7388166886776,1842.8783359465535,2302.756610637457,1842.8783359465535,10445.175952050415,0.0
2017-12-17,3,2267.4141562568993,1995.5553383850377,0.0,1995.5553383850377,8449.620613665376,0.0
2017-12-24,3,2358.167879772213,1891.9646940469268,4709.564242080333,1891.9646940469268,11267.220161698782,0.0
2017-12-31,3,2390.0982502074157,1965.5823069488051,2390.0982502074157,1965.5823069488051,11691.736104957394,0.0
2017-07-09,4,2266.4484249827065,2561.1096937208285,2266.4484249827065,2266.4484249827065,0.0,294.6612687381221
2017-07-16,4,2277.7420425323617,1897.3021748833185,2277.7420425323617,1897.3021748833185,380.4398676490432,0.0
2017-07-23,4,2300.7765807121177,2198.6309070691555,0.0,380.4398676490432,0.0,1818.1910394201122
2017-07-30,4,2236.5467345836623,1902.772510930793,0.0,0.0,0.0,1902.772510930793
2017-08-06,4,2154.8109620077007,2003.286858299952,1732.3007208454328,1732.3007208454328,0.0,270.98613745451917
2017-08-13,4,2013.3040377462753,1816.4823000023573,0.0,0.0,0.0,1816.4823000023573
2017-08-20,4,1997.021780655879,1701.4518055327892,0.0,0.0,0.0,1701.4518055327892
2017-08-27,4,1980.839715835567,1995.9927047554816,0.0,0.0,0.0,1995.9927047554816
2017-09-03,4,1905.458191781806,1723.9585773914578,0.0,0.0,0.0,1723.9585773914578
2017-09-10,4,1877.529208978348,1938.877779203348,0.0,0.0,0.0,1938.877779203348
2017-09-17,4,1870.5603387592446,2053.518667026801,16604.54683021517,2053.518667026801,14551.02816318837,0.0
2017-09-24,4,1848.3883937001397,1528.0299184797843,0.0,1528.0299184797843,13022.998244708586,0.0
2017-10-01,4,1769.5814281686648,1867.471339115889,0.0,1867.471339115889,11155.526905592696,0.0
2017-10-08,4,1770.9408299720399,1558.8712183915,0.0,1558.8712183915,9596.655687201197,0.0
2017-10-15,4,1699.9723720244829,1469.729628402661,0.0,1469.729628402661,8126.926058798535,0.0
2017-10-22,4,1770.5868338307273,1843.260942766503,8859.469857696055,1843.260942766503,15143.134973728089,0.0
2017-10-29,4,1707.0743281163222,1994.1880832146849,1707.0743281163222,1994.1880832146849,14856.021218629725,0.0
2017-11-05,4,1826.8209958729053,1705.1101953377474,1826.8209958729053,1705.1101953377474,14977.732019164883,0.0
2017-11-12,4,1865.030405142179,1945.8040306240075,0.0,1945.8040306240075,13031.927988540876,0.0
2017-11-19,4,1854.432903690298,1718.2345527375542,0.0,1718.2345527375542,11313.693435803321,0.0
2017-11-26,4,1828.5887958595854,1801.0872138685886,0.0,1801.0872138685886,9512.606221934733,0.0
2017-12-03,4,1687.7607793456666,1770.513575757948,0.0,1770.513575757948,7742.092646176785,0.0
2017-12-10,4,1428.7576193759644,1370.9216745050217,0.0,1370.9216745050217,6371.170971671763,0.0
2017-12-17,4,1304.4329437764982,1317.1901277660277,0.0,1317.1901277660277,5053.980843905736,0.0
2017-12-24,4,1353.0025793115178,1366.285291852681,0.0,1366.285291852681,3687.695552053055,0.0
2017-12-31,4,1315.647409534527,1354.8406418711834,6944.142767766525,1354.8406418711834,9276.997677948397,0.0
2017-07-09,5,1886.4377757508619,1851.401155656638,1886.4377757508619,1851.401155656638,35.03662009422396,0.0
2017-07-16,5,1903.406411179616,1781.6781970999125,1903.406411179616,1781.6781970999125,156.7648341739275,0.0
2017-07-23,5,1880.1672609891766,1602.1990722879725,1880.1672609891766,1602.1990722879725,434.7330228751316,0.0
2017-07-30,5,1929.9120466332333,2050.433720577468,1929.9120466332333,2050.433720577468,314.21134893089675,0.0
2017-08-06,5,1794.6980638187388,1591.5438700390273,0.0,314.21134893089675,0.0,1277.3325211081305
2017-08-13,5,1664.7382770645381,1596.6184591925287,0.0,0.0,0.0,1596.6184591925287
2017-08-20,5,1649.5227550214954,1701.1414715174308,5108.959095904773,1701.1414715174308,3407.817624387342,0.0
2017-08-27,5,1678.1078469081467,1691.0678892353276,0.0,1691.0678892353276,1716.7497351520146,0.0
2017-09-03,5,1631.3979985093101,1750.4747178808614,0.0,1716.7497351520146,0.0,33.724982728846726
2017-09-10,5,1582.9752736866071,1516.1346953274283,0.0,0.0,0.0,1516.1346953274283
2017-09-17,5,1600.6645103403152,1362.6986326899166,6493.14562944438,1362.6986326899166,5130.446996754463,0.0
2017-09-24,5,1583.177735219759,1476.1138663908723,1583.177735219759,1476.1138663908723,5237.510865583349,0.0
2017-10-01,5,1576.9879083396881,1368.6402406911152,1576.9879083396881,1368.6402406911152,5445.858533231922,0.0
2017-10-08,5,1472.77738482779,1395.88475330165,1472.77738482779,1395.88475330165,5522.751164758061,0.0
2017-10-15,5,1470.678378877119,1715.9555923443893,1470.678378877119,1715.9555923443893,5277.473951290791,0.0
2017-10-22,5,1512.656861202679,1472.5610916504536,1512.656861202679,1472.5610916504536,5317.569720843016,0.0
2017-10-29,5,1446.832428261564,1260.6604615812382,0.0,1260.6604615812382,4056.909259261777,0.0
2017-11-05,5,1523.8681755905636,1427.719872659919,0.0,1427.719872659919,2629.189386601858,0.0
2017-11-12,5,1565.2927862473844,1644.251885044146,4535.993390099512,1644.251885044146,5520.9308916572245,0.0
2017-11-19,5,1623.4267460319236,1464.5033111136026,1623.4267460319236,1464.5033111136026,5679.854326575545,0.0
2017-11-26,5,1647.974668502315,1514.8986870644749,1647.974668502315,1514.8986870644749,5812.930308013385,0.0
2017-12-03,5,1382.1607209900096,1410.6645768761805,1382.1607209900096,1410.6645768761805,5784.426452127214,0.0
2017-12-10,5,1217.2921858689956,972.1670150557776,0.0,972.1670150557776,4812.259437071437,0.0
2017-12-17,5,1131.9525986759688,1089.4501290788994,0.0,1089.4501290788994,3722.8093079925375,0.0
2017-12-24,5,1107.9697240785795,987.5970388628624,3457.2145086235437,987.5970388628624,6192.4267777532195,0.0
2017-12-31,5,1084.1424334074375,987.2527013251206,1084.1424334074375,987.2527013251206,6289.316509835537,0.0
2017-07-09,6,6068.607281714879,5927.1654277503785,6068.607281714879,5927.1654277503785,141.4418539645003,0.0
2017-07-16,6,6045.322137285526,6041.017684393987,0.0,141.4418539645003,0.0,5899.575830429487
2017-07-23,6,6089.9848196433895,5557.6859133277385,0.0,0.0,0.0,5557.6859133277385
2017-07-30,6,6142.637890893069,6954.561529637496,1234.5855307405739,1234.5855307405739,0.0,5719.975998896923
2017-08-06,6,5734.91383634625,5271.137898314842,0.0,0.0,0.0,5271.137898314842
2017-08-13,6,5373.864429293639,5529.0127008901045,0.0,0.0,0.0,5529.0127008901045
2017-08-20,6,5288.914738568033,6357.522494801286,0.0,0.0,0.0,6357.522494801286
2017-08-27,6,5356.490569858148,5735.732491871144,38797.54289114748,5735.732491871144,33061.810399276335,0.0
2017-09-03,6,5250.175601885241,5477.638330727455,5250.175601885241,5477.638330727455,32834.34767043412,0.0
2017-09-10,6,4975.639239025201,5280.6436347671415,4975.639239025201,5280.6436347671415,32529.343274692183,0.0
2017-09-17,6,4923.607754468356,4396.433589450765,4923.607754468356,4396.433589450765,33056.51743970977,0.0
2017-09-24,6,4949.682127389566,5400.663218992624,0.0,5400.663218992624,27655.85422071715,0.0
2017-10-01,6,4898.38404477053,4681.668053839569,0.0,4681.668053839569,22974.18616687758,0.0
2017-10-08,6,4763.705423955287,4061.195692137726,0.0,4061.195692137726,18912.990474739854,0.0
2017-10-15,6,4664.3996732686965,3654.952471609564,19276.17126938408,3654.952471609564,34534.209272514374,0.0
2017-10-22,6,4574.906968385261,4525.366977927788,0.0,4525.366977927788,30008.842294586586,0.0
2017-10-29,6,4599.795743439714,3973.672314271858,0.0,3973.672314271858,26035.169980314728,0.0
2017-11-05,6,4913.684651236235,4933.462612277753,0.0,4933.462612277753,21101.707368036976,0.0
2017-11-12,6,4896.768184463857,4665.412972703581,0.0,4665.412972703581,16436.294395333396,0.0
2017-11-19,6,4957.998441164351,4961.703358410609,23943.153988689417,4961.703358410609,35417.7450256122,0.0
2017-11-26,6,4937.330571046859,5194.161782376621,4937.330571046859,5194.161782376621,35160.913814282445,0.0
2017-12-03,6,4289.367652642436,4848.619773243826,4289.367652642436,4848.619773243826,34601.66169368106,0.0
2017-12-10,6,3688.692917832255,3943.707697192858,3688.692917832255,3943.707697192858,34346.64691432046,0.0
2017-12-17,6,3524.8196858021747,3485.244122746616,0.0,3485.244122746616,30861.402791573844,0.0
2017-12-24,6,3547.100730432257,3050.5772933829458,7071.920416234432,3050.5772933829458,34882.74591442534,0.0
2017-12-31,6,3441.0683104021064,3231.6137342993657,3441.0683104021064,3231.6137342993657,35092.20049052808,0.0
2017-07-09,7,5889.940002364345,6777.621256897587,5889.940002364345,5889.940002364345,0.0,887.6812545332423
2017-07-16,7,6045.988796260706,5247.367119028606,6045.988796260706,5247.367119028606,798.6216772321004,0.0
2017-07-23,7,6012.145955124091,5609.281819775844,6012.145955124091,5609.281819775844,1201.4858125803476,0.0
2017-07-30,7,6146.656374349699,6036.813494138466,6146.656374349699,6036.813494138466,1311.3286927915806,0.0
2017-08-06,7,5762.747291367377,6165.613406785606,5762.747291367377,6165.613406785606,908.4625773733524,0.0
2017-08-13,7,5310.563000739223,6189.860459795784,0.0,908.4625773733524,0.0,5281.397882422431
2017-08-20,7,5255.649737724401,4655.899515788445,10566.212738463624,4655.899515788445,5910.3132226751795,0.0
2017-08-27,7,5320.902451047015,4573.205745458667,4345.463466664098,4573.205745458667,5682.57094388061,0.0
2017-09-03,7,5309.34244659556,5727.981454427661,6284.781430978478,5727.981454427661,6239.370920431427,0.0
2017-09-10,7,4908.600050403909,5127.180287348663,4908.600050403909,5127.180287348663,6020.7906834866735,0.0
2017-09-17,7,4896.706204470955,5123.820611505846,4896.706204470955,5123.820611505846,5793.6762764517825,0.0
2017-09-24,7,4949.222789206071,4947.272330727448,0.0,4947.272330727448,846.4039457243343,0.0
2017-10-01,7,4766.600680924088,4474.998224967573,0.0,846.4039457243343,0.0,3628.594279243239
2017-10-08,7,4731.296470810037,5385.86936957968,6819.750703815982,5385.86936957968,1433.8813342363019,0.0
2017-10-15,7,4587.6588653426625,4440.66799569173,12215.028102466877,4440.66799569173,9208.24144101145,0.0
2017-10-22,7,4556.355978746499,5024.311400035611,0.0,5024.311400035611,4183.93004097584,0.0
2017-10-29,7,4743.303004053234,5259.014510473283,9299.658982799734,5259.014510473283,8224.57451330229,0.0
2017-11-05,7,4819.359906515551,4033.122905443953,4819.359906515551,4033.122905443953,9010.811514373887,0.0
2017-11-12,7,4963.625024487148,5038.1030384758205,4963.625024487148,5038.1030384758205,8936.333500385215,0.0
2017-11-19,7,4968.956543161289,5064.312855829049,4968.956543161289,5064.312855829049,8840.977187717457,0.0
2017-11-26,7,4961.485561477915,4380.731162585276,0.0,4380.731162585276,4460.246025132181,0.0
2017-12-03,7,4332.287371139992,3863.202142546931,0.0,3863.202142546931,597.0438825852498,0.0
2017-12-10,7,3720.9080588878737,3816.3115425826313,13014.68099150578,3816.3115425826313,9795.413331508398,0.0
2017-12-17,7,3570.158023092929,3747.8754889353736,0.0,3747.8754889353736,6047.537842573025,0.0
2017-12-24,7,3438.4362230820016,3175.7760073034324,7008.594246174931,3175.7760073034324,9880.356081444523,0.0
2017-12-31,7,3455.6852588583124,3230.6597085595868,3455.6852588583124,3230.6597085595868,10105.38163174325,0.0
2017-07-09,8,7857.06980795975,8381.881425472204,7857.06980795975,7857.06980795975,0.0,524.8116175124542
2017-07-16,8,7928.93597373706,8177.432364495386,7928.93597373706,7928.93597373706,0.0,248.49639075832602
2017-07-23,8,7916.043924777655,8727.420932452287,7916.043924777655,7916.043924777655,0.0,811.3770076746323
2017-07-30,8,8024.022134188692,8784.405050294028,8024.022134188692,8024.022134188692,0.0,760.3829161053363
2017-08-06,8,7398.485820182617,7500.070798568197,7398.485820182617,7398.485820182617,0.0,101.58497838557923
2017-08-13,8,7126.751725792343,7181.084124617357,0.0,0.0,0.0,7181.084124617357
2017-08-20,8,6773.450184460789,6331.313790345718,13900.201910253132,6331.313790345718,7568.888119907414,0.0
2017-08-27,8,6879.7851210175195,5921.437867380508,0.0,5921.437867380508,1647.4502525269063,0.0
2017-09-03,8,6725.807122293817,7961.214246766591,0.0,1647.4502525269063,0.0,6313.7639942396845
2017-09-10,8,6568.032825981196,6459.461282019563,0.0,0.0,0.0,6459.461282019563
2017-09-17,8,6615.063674929501,6860.3101961706725,0.0,0.0,0.0,6860.3101961706725
2017-09-24,8,6322.424979043075,5647.62151866891,0.0,0.0,0.0,5647.62151866891
2017-10-01,8,6426.102441609879,5959.056476440647,0.0,0.0,0.0,5959.056476440647
2017-10-08,8,6313.629888067887,5325.402877931513,20750.053852941768,5325.402877931513,15424.650975010256,0.0
2017-10-15,8,6118.580162218364,6395.375501970852,0.0,6395.375501970852,9029.275473039404,0.0
2017-10-22,8,6105.692271657434,5681.650077630024,0.0,5681.650077630024,3347.625395409381,0.0
2017-10-29,8,6146.497534286049,6587.943112691663,0.0,3347.625395409381,0.0,3240.3177172822825
2017-11-05,8,6451.127504360245,5452.240521527253,0.0,0.0,0.0,5452.240521527253
2017-11-12,8,6484.481113589072,6390.08950224151,29288.798298149864,6390.08950224151,22898.708795908355,0.0
2017-11-19,8,6407.499395305575,7574.823630592513,1891.5744915652306,7574.823630592513,17215.459656881074,0.0
2017-11-26,8,6456.403328395605,6327.451645546797,38090.70072009836,6327.451645546797,48978.708731432635,0.0
2017-12-03,8,5932.333213893389,6103.365876133617,0.0,6103.365876133617,42875.342855299015,0.0
2017-12-10,8,5005.110582273626,4393.170833684895,10937.443796167016,4393.170833684895,49419.61581778113,0.0
2017-12-17,8,4583.539895162005,4848.351692517349,0.0,4848.351692517349,44571.264125263784,0.0
2017-12-24,8,4641.306963543143,4059.204929249173,9224.846858705148,4059.204929249173,49736.90605471976,0.0
2017-12-31,8,4546.389585534376,4086.592847828339,4546.389585534376,4086.592847828339,50196.70279242579,0.0
2017-07-09,9,5298.011342716353,4979.623399101078,5298.011342716353,4979.623399101078,318.3879436152756,0.0
2017-07-16,9,5275.756683278898,4887.584455127722,5275.756683278898,4887.584455127722,706.5601717664513,0.0
2017-07-23,9,5309.337442922788,5432.847180810265,5309.337442922788,5432.847180810265,583.0504338789742,0.0
2017-07-30,9,5263.546546127571,5329.81440589434,5263.546546127571,5329.81440589434,516.7825741122051,0.0
2017-08-06,9,4950.3841911994805,4634.3986960814245,4950.3841911994805,4634.3986960814245,832.7680692302611,0.0
2017-08-13,9,4675.753895197538,4721.737116750207,0.0,832.7680692302611,0.0,3888.969047519946
2017-08-20,9,4675.241728157032,4631.9058632910655,9350.99562335457,4631.9058632910655,4719.089760063505,0.0
2017-08-27,9,4646.324172086186,4884.579270257141,0.0,4719.089760063505,0.0,165.4895101936354
2017-09-03,9,4590.724339740915,4424.835629234867,0.0,0.0,0.0,4424.835629234867
2017-09-10,9,4434.210025951083,4007.645608715446,0.0,0.0,0.0,4007.645608715446
2017-09-17,9,4282.337652593242,4469.94290219349,0.0,0.0,0.0,4469.94290219349
2017-09-24,9,4425.872004691448,4022.581480366233,22379.468195062873,4022.581480366233,18356.88671469664,0.0
2017-10-01,9,4169.7997239008655,4845.278525947081,4169.7997239008655,4845.278525947081,17681.407912650426,0.0
2017-10-08,9,4056.0721837954943,3778.943846016094,4056.0721837954943,3778.943846016094,17958.53625042983,0.0
2017-10-15,9,4086.250709391528,4053.2600335067614,4086.250709391528,4053.2600335067614,17991.526926314593,0.0
2017-10-22,9,4035.068100224286,4098.073498801473,3024.6575585834694,4098.073498801473,16918.110986096588,0.0
2017-10-29,9,3930.640214766856,4052.244003717924,0.0,4052.244003717924,12865.866982378664,0.0
2017-11-05,9,4327.215902852073,3873.967676778149,9268.266659259745,3873.967676778149,18260.165964860258,0.0
2017-11-12,9,4359.371457578926,4314.153915221249,4359.371457578926,4314.153915221249,18305.383507217935,0.0
2017-11-19,9,4429.297883238311,4759.432387428022,4429.297883238311,4759.432387428022,17975.249003028228,0.0
2017-11-26,9,4400.480149379315,4338.673795677048,4400.480149379315,4338.673795677048,18037.055356730492,0.0
2017-12-03,9,3804.7546231236634,4145.11461859003,0.0,4145.11461859003,13891.940738140464,0.0
2017-12-10,9,3387.2392409850827,3316.73614452148,1049.600655190221,3316.73614452148,11624.805248809203,0.0
2017-12-17,9,2998.521929160724,2799.0789573893544,9140.91513807925,2799.0789573893544,17966.641429499097,0.0
2017-12-24,9,3117.646256464408,3613.152824926168,3117.646256464408,3613.152824926168,17471.13486103734,0.0
2017-12-31,9,2999.040931659826,2939.681323832528,2999.040931659826,2939.681323832528,17530.49446886464,0.0
2017-07-09,10,7496.468590625642,7901.12991640444,7496.468590625642,7496.468590625642,0.0,404.6613257787985
2017-07-16,10,7520.308832415007,7224.673889898932,7520.308832415007,7224.673889898932,295.63494251607426,0.0
2017-07-23,10,7471.977381491555,6102.08818676548,7471.977381491555,6102.08818676548,1665.5241372421497,0.0
2017-07-30,10,7543.978163106365,7007.937096446865,0.0,1665.5241372421497,0.0,5342.412959204716
2017-08-06,10,6802.312618622664,7113.839924168172,0.0,0.0,0.0,7113.839924168172
2017-08-13,10,6687.129003386198,6557.272197023202,0.0,0.0,0.0,6557.272197023202
2017-08-20,10,6655.889609715739,6277.27585003994,0.0,0.0,0.0,6277.27585003994
2017-08-27,10,6638.076457309764,6789.955568071943,0.0,0.0,0.0,6789.955568071943
2017-09-03,10,6547.124084020117,5951.920758794695,0.0,0.0,0.0,5951.920758794695
2017-09-10,10,6302.158006188292,5314.0219103641175,16953.459606516786,5314.0219103641175,11639.437696152669,0.0
2017-09-17,10,6215.11672229665,8516.90113907719,0.0,8516.90113907719,3122.5365570754784,0.0
2017-09-24,10,6238.279689414239,6604.049545740485,0.0,3122.5365570754784,0.0,3481.5129886650066
2017-10-01,10,6178.961537383666,6364.720559568016,37785.34113925127,6364.720559568016,31420.620579683255,0.0
2017-10-08,10,5953.646132983143,5953.743217793467,0.0,5953.743217793467,25466.877361889787,0.0
2017-10-15,10,5740.529468567132,5272.967612314544,6450.296131688978,5272.967612314544,26644.20588126422,0.0
2017-10-22,10,5839.5189075787375,5643.963229160745,0.0,5643.963229160745,21000.242652103476,0.0
2017-10-29,10,5830.208243275969,6106.577816093964,3132.8964010116533,6106.577816093964,18026.561237021167,0.0
2017-11-05,10,6055.056420636851,5933.47352106546,30905.991786016835,5933.47352106546,42999.07950197254,0.0
2017-11-12,10,6246.423641156373,5770.082774751607,6246.423641156373,5770.082774751607,43475.42036837731,0.0
2017-11-19,10,6269.052718577228,5898.890897345959,6269.052718577228,5898.890897345959,43845.582189608576,0.0
2017-11-26,10,6144.767822022794,6420.80030993281,0.0,6420.80030993281,37424.781879675764,0.0
2017-12-03,10,5633.785853478721,4479.313748722814,0.0,4479.313748722814,32945.46813095295,0.0
2017-12-10,10,4751.479984488174,4137.023697572286,0.0,4137.023697572286,28808.44443338066,0.0
2017-12-17,10,4437.231352582931,4056.6208498305705,20967.265012572618,4056.6208498305705,45719.08859612271,0.0
2017-12-24,10,4478.088786227347,4708.7121737562775,4478.088786227347,4708.7121737562775,45488.46520859378,0.0
2017-12-31,10,4417.875172942787,3957.318725627005,4417.875172942787,3957.318725627005,45949.021655909564,0.0
2017-07-09,11,7122.207237142554,6774.56534438432,0.0,0.0,0.0,6774.56534438432
2017-07-16,11,7224.896620133231,6744.5365641707385,12121.831863924908,6744.5365641707385,5377.29529975417,0.0
2017-07-23,11,7161.922022630546,7298.404723955114,5084.159763114254,7298.404723955114,3163.050338913309,0.0
2017-07-30,11,7324.2041447088195,7514.060354988028,0.0,3163.050338913309,0.0,4351.010016074719
2017-08-06,11,6676.283334544369,6705.728389678304,18303.521732120356,6705.728389678304,11597.793342442052,0.0
2017-08-13,11,6352.522512637566,5143.05155244898,6352.522512637566,5143.05155244898,12807.264302630638,0.0
2017-08-20,11,6257.266719163999,5293.448695920741,6257.266719163999,5293.448695920741,13771.082325873898,0.0
2017-08-27,11,6265.669472523007,6420.077290014913,6265.669472523007,6420.077290014913,13616.674508381991,0.0
2017-09-03,11,6261.666403799736,5686.783027234514,6261.666403799736,5686.783027234514,14191.557884947215,0.0
2017-09-10,11,5983.343945866621,5621.165135652999,0.0,5621.165135652999,8570.392749294217,0.0
2017-09-17,11,5907.188824884148,6162.272033734037,11890.532770750768,6162.272033734037,14298.653486310948,0.0
2017-09-24,11,5932.890727887627,5444.499386893679,5932.890727887627,5444.499386893679,14787.044827304897,0.0
2017-10-01,11,5626.9329142762235,4837.138853354791,0.0,4837.138853354791,9949.905973950106,0.0
2017-10-08,11,5490.794868625098,6223.0669932351575,11117.727782901322,6223.0669932351575,14844.56676361627,0.0
2017-10-15,11,5551.905157871714,5319.69790615966,5551.905157871714,5319.69790615966,15076.774015328323,0.0
2017-10-22,11,5497.706039558391,5280.119445609835,5497.706039558391,5280.119445609835,15294.360609276879,0.0
2017-10-29,11,5506.443394820102,5392.037262605087,3247.546529058187,5392.037262605087,13149.86987572998,0.0
2017-11-05,11,5801.6481769342645,5937.163047586615,4678.324159292001,5937.163047586615,11891.030987435366,0.0
2017-11-12,11,5892.290294945901,5858.919610102338,0.0,5858.919610102338,6032.111377333028,0.0
2017-11-19,11,5880.17607410669,5334.207681025099,3204.787597453169,5334.207681025099,3902.691293761097,0.0
2017-11-26,11,5927.420493045711,6320.153047245228,17877.32014804932,6320.153047245228,15459.858394565188,0.0
2017-12-03,11,5328.277373762654,4409.1428881777865,5328.277373762654,4409.1428881777865,16378.992880150054,0.0
2017-12-10,11,4447.494314088475,4268.1892793858215,4447.494314088475,4268.1892793858215,16558.29791485271,0.0
2017-12-17,11,4185.787572574807,3987.5607488873575,4185.787572574807,3987.5607488873575,16756.52473854016,0.0
2017-12-24,11,4073.6974357381223,4032.860114856897,4073.6974357381223,4032.860114856897,16797.362059421386,0.0
2017-12-31,11,4185.08284032403,4228.022017310076,4185.08284032403,4228.022017310076,16754.42288243534,0.0
2017-07-09,12,7045.2081821028805,6678.736820952054,1046.9287373465504,1046.9287373465504,0.0,5631.808083605503
2017-07-16,12,7246.195443826613,8473.729932471148,13244.474888582943,8473.729932471148,4770.744956111796,0.0
2017-07-23,12,7197.385028666184,6825.930273569802,1534.0363423859137,6304.781298497709,0.0,521.148975072093
2017-07-30,12,7403.80710316964,8481.628053234039,13067.15578944991,8481.628053234039,4585.52773621587,0.0
2017-08-06,12,6595.6068587727805,7163.6886903957175,6595.6068587727805,7163.6886903957175,4017.4459045929334,0.0
2017-08-13,12,6353.388174186035,6349.662952013866,2866.5927982292123,6349.662952013866,534.3757508082799,0.0
2017-08-20,12,6269.543457836695,6321.609024093376,0.0,534.3757508082799,0.0,5787.233273285096
2017-08-27,12,6353.378011852163,6579.027151170616,0.0,0.0,0.0,6579.027151170616
2017-09-03,12,6114.624840640381,5515.409587742198,0.0,0.0,0.0,5515.409587742198
2017-09-10,12,6005.78742226289,6434.900179303719,20845.77047599464,6434.900179303719,14410.87029669092,0.0
2017-09-17,12,6024.052027431522,6601.994378340743,8296.579259959113,6601.994378340743,16105.45517830929,0.0
2017-09-24,12,5842.427073229963,5831.426901951413,10954.258473256674,5831.426901951413,21228.28674961455,0.0
2017-10-01,12,5699.528231346945,6119.903122155128,0.0,6119.903122155128,15108.383627459425,0.0
2017-10-08,12,5647.88868405585,4814.56062544749,2124.028661147928,4814.56062544749,12417.851663159863,0.0
2017-10-15,12,5499.268997624474,5135.931511065169,0.0,5135.931511065169,7281.9201520946945,0.0
2017-10-22,12,5552.758599478382,6089.225619876559,0.0,6089.225619876559,1192.6945322181355,0.0
2017-10-29,12,5547.246902194212,4948.785722098608,25822.662753551936,4948.785722098608,22066.571563671463,0.0
2017-11-05,12,5742.686105840781,6487.268513613752,5742.686105840781,6487.268513613752,21321.989155898493,0.0
2017-11-12,12,5815.04226141871,6068.236363965004,0.0,6068.236363965004,15253.75279193349,0.0
2017-11-19,12,5860.918542284588,6116.837102483262,11675.960803703298,6116.837102483262,20812.876493153522,0.0
2017-11-26,12,5897.5004347031045,5194.107339276275,0.0,5194.107339276275,15618.769153877249,0.0
2017-12-03,12,5212.823120946242,4018.9852772190025,0.0,4018.9852772190025,11599.783876658246,0.0
2017-12-10,12,4276.8004326131795,4624.222711575405,15387.123988262525,4624.222711575405,22362.685153345366,0.0
2017-12-17,12,4099.331895760289,3088.56726551677,0.0,3088.56726551677,19274.117887828597,0.0
2017-12-24,12,4207.9540791824975,4652.379417267811,8307.285974942786,4652.379417267811,22929.02444550357,0.0
2017-12-31,12,4067.338719821048,3981.650741551425,4067.338719821048,3981.650741551425,23014.712423773195,0.0
2017-07-09,13,8391.1016464143,8456.763609652222,8391.1016464143,8391.1016464143,0.0,65.66196323792246
2017-07-16,13,8374.77405635288,8237.5002490372,0.0,0.0,0.0,8237.5002490372
2017-07-23,13,8374.864464688562,7682.746814567686,1548.7384823578634,1548.7384823578634,0.0,6134.008332209823
2017-07-30,13,8381.914531124148,8229.730287448603,23582.814569807728,8229.730287448603,15353.084282359125,0.0
2017-08-06,13,8234.485549248358,7511.175447674029,8234.485549248358,7511.175447674029,16076.394383933457,0.0
2017-08-13,13,7852.4942606536415,7686.3956811082435,0.0,7686.3956811082435,8389.998702825214,0.0
2017-08-20,13,7923.318961184359,6941.395374712147,15775.813221838001,6941.395374712147,17224.41654995107,0.0
2017-08-27,13,7534.302772695967,6917.079549965108,0.0,6917.079549965108,10307.336999985964,0.0
2017-09-03,13,7395.141123825353,7304.008627859965,14929.44389652132,7304.008627859965,17932.77226864732,0.0
2017-09-10,13,7276.385590638236,7349.625269959594,7276.385590638236,7349.625269959594,17859.532589325965,0.0
2017-09-17,13,7155.754021011366,7758.632662759089,7155.754021011366,7758.632662759089,17256.65394757824,0.0
2017-09-24,13,7071.972397365329,7029.039503157591,7071.972397365329,7029.039503157591,17299.586841785982,0.0
2017-10-01,13,7167.365002027485,8581.74811660523,0.0,8581.74811660523,8717.838725180753,0.0
2017-10-08,13,6800.333808212568,7541.140241314073,0.0,7541.140241314073,1176.6984838666795,0.0
2017-10-15,13,6661.945897042927,6194.5062463214,20629.64470728298,6194.5062463214,15611.83694482826,0.0
2017-10-22,13,6612.049384679987,7091.142092376531,0.0,7091.142092376531,8520.694852451728,0.0
2017-10-29,13,6611.169215334934,6630.069330651275,13223.218600014921,6630.069330651275,15113.844121815377,0.0
2017-11-05,13,6837.865700443932,7394.126108794857,6837.865700443932,7394.126108794857,14557.583713464452,0.0
2017-11-12,13,7134.86543907763,8150.953310270376,7134.86543907763,8150.953310270376,13541.495842271706,0.0
2017-11-19,13,7049.992216161234,6119.488378328483,1141.3288782537834,6119.488378328483,8563.336342197006,0.0
2017-11-26,13,6950.576133973695,5833.78034647877,0.0,5833.78034647877,2729.555995718236,0.0
2017-12-03,13,6317.184586524889,6090.43740429322,19176.424058406035,6090.43740429322,15815.542649831052,0.0
2017-12-10,13,5538.485924714453,4797.894856155713,0.0,4797.894856155713,11017.64779367534,0.0
2017-12-17,13,5068.402162363875,4256.082604648244,0.0,4256.082604648244,6761.565189027096,0.0
2017-12-24,13,5165.360151413123,5052.651228606302,3240.033927520404,5052.651228606302,4948.947887941197,0.0
2017-12-31,13,4951.819824329346,4811.977306964233,17484.03413530039,4811.977306964233,17621.004716277355,0.0
2017-07-09,14,5871.245860942339,4719.195444400099,0.0,0.0,0.0,4719.195444400099
2017-07-16,14,6009.773167649339,5312.289113210539,320.2196710814125,320.2196710814125,0.0,4992.069442129126
2017-07-23,14,6042.016997034907,6300.6008700139655,17602.81635454517,6300.6008700139655,11302.215484531207,0.0
2017-07-30,14,6121.758246538143,6975.980720129386,6121.758246538143,6975.980720129386,10447.993010939963,0.0
2017-08-06,14,5696.647788113511,5457.5443914183725,5696.647788113511,5457.5443914183725,10687.096407635101,0.0
2017-08-13,14,5340.372996934287,6527.340582003739,5340.372996934287,6527.340582003739,9500.128822565648,0.0
2017-08-20,14,5348.8377934856135,5549.417295331803,5348.8377934856135,5549.417295331803,9299.549320719458,0.0
2017-08-27,14,5305.2883616251365,5336.759795575286,5305.2883616251365,5336.759795575286,9268.077886769308,0.0
2017-09-03,14,5279.783342993165,5422.443830114541,0.0,5422.443830114541,3845.634056654767,0.0
2017-09-10,14,5069.122336755045,4405.115533188109,0.0,3845.634056654767,0.0,559.4814765333422
2017-09-17,14,4969.63447858234,5268.297418420163,0.0,0.0,0.0,5268.297418420163
2017-09-24,14,4906.314957645069,4528.404325272632,0.0,0.0,0.0,4528.404325272632
2017-10-01,14,4866.0593588240245,5283.508917195656,25090.91447479964,5283.508917195656,19807.405557603983,0.0
2017-10-08,14,4758.397392028453,4706.347007036925,4758.397392028453,4706.347007036925,19859.455942595512,0.0
2017-10-15,14,4757.823276550596,5093.113890788194,4757.823276550596,5093.113890788194,19524.165328357914,0.0
2017-10-22,14,4664.646032808602,4889.208756148963,4664.646032808602,4889.208756148963,19299.602605017553,0.0
2017-10-29,14,4557.7052274031375,4198.0177429198375,4557.7052274031375,4198.0177429198375,19659.290089500853,0.0
2017-11-05,14,4795.670879151912,4594.276441696953,4795.670879151912,4594.276441696953,19860.68452695581,0.0
2017-11-12,14,4981.878529656484,5379.794003290916,0.0,5379.794003290916,14480.890523664893,0.0
2017-11-19,14,4987.741754888382,5855.379356112647,9969.620284544866,5855.379356112647,18595.13145209711,0.0
2017-11-26,14,4911.5132503935565,5485.490445273791,0.0,5485.490445273791,13109.64100682332,0.0
2017-12-03,14,4346.920158065204,4599.698925538694,0.0,4599.698925538694,8509.942081284626,0.0
2017-12-10,14,3726.652263836217,3852.5853352158406,12985.085672294977,3852.5853352158406,17642.442418363764,0.0
2017-12-17,14,3605.638419660728,4081.0851083403063,3605.638419660728,4081.0851083403063,17166.995729684186,0.0
2017-12-24,14,3513.6495283314016,3196.6310069405667,3513.6495283314016,3196.6310069405667,17484.014251075023,0.0
2017-12-31,14,3511.048723598242,3210.0693704557348,3511.048723598242,3210.0693704557348,17784.993604217532,0.0
2017-07-09,15,8425.932915771235,6826.499997413391,8425.932915771235,6826.499997413391,1599.4329183578438,0.0
2017-07-16,15,8402.281599388709,8911.295120545821,2740.431125904165,4339.864044262009,0.0,4571.431076283812
2017-07-23,15,8435.396409935325,9099.630092572565,0.0,0.0,0.0,9099.630092572565
2017-07-30,15,8436.727193108349,6091.0772628147015,0.0,0.0,0.0,6091.0772628147015
2017-08-06,15,8336.01067721157,7844.492183697892,0.0,0.0,0.0,7844.492183697892
2017-08-13,15,8261.722838983518,7921.609795592793,39131.70759272331,7921.609795592793,31210.09779713052,0.0
2017-08-20,15,8096.530503333208,7187.947275112089,0.0,7187.947275112089,24022.15052201843,0.0
2017-08-27,15,8074.390352681534,8195.95483976328,0.0,8195.95483976328,15826.19568225515,0.0
2017-09-03,15,7744.896431196251,7843.499444500566,23915.817287210994,7843.499444500566,31898.51352496558,0.0
2017-09-10,15,7655.898546510449,7659.028203493118,7655.898546510449,7659.028203493118,31895.38386798291,0.0
2017-09-17,15,7522.917280943144,7167.876418793736,7522.917280943144,7167.876418793736,32250.42473013232,0.0
2017-09-24,15,7608.941518503538,9027.514820242512,4150.733166509464,9027.514820242512,27373.643076399276,0.0
2017-10-01,15,7379.315614067416,6195.499236436457,90.5840800694336,6195.499236436457,21268.727920032252,0.0
2017-10-08,15,7053.4550263912,6232.814273568349,0.0,6232.814273568349,15035.913646463903,0.0
2017-10-15,15,7030.515517413724,7184.8908730787125,3915.7720222699145,7184.8908730787125,11766.794795655107,0.0
2017-10-22,15,7048.119675467412,7881.89904831122,27963.258082994504,7881.89904831122,31848.153830338393,0.0
2017-10-29,15,6894.22304950707,7453.341352979179,6894.223049507063,7453.341352979179,31289.035526866275,0.0
2017-11-05,15,7269.729213201619,7181.702594583975,7269.729213201619,7181.702594583975,31377.062145483924,0.0
2017-11-12,15,7418.133027306818,8963.847676202902,7418.133027306818,8963.847676202902,29831.34749658784,0.0
2017-11-19,15,7349.803751428353,8214.732751018448,0.0,8214.732751018448,21616.614745569394,0.0
2017-11-26,15,7413.098207046087,7699.392893035757,14762.90195847444,7699.392893035757,28680.123811008074,0.0
2017-12-03,15,6456.963873796172,7353.681879024815,2077.6810824379663,7353.681879024815,23404.123014421224,0.0
2017-12-10,15,5756.851680436007,5253.334637538302,10136.134471794214,5253.334637538302,28286.922848677135,0.0
2017-12-17,15,5243.6045214163405,5959.549560378125,5243.6045214163405,5959.549560378125,27570.977809715354,0.0
2017-12-24,15,5310.833446925081,5963.3527944192165,5310.833446925081,5963.3527944192165,26918.45846222122,0.0
2017-12-31,15,5278.325707116205,4871.10597583076,5278.325707116205,4871.10597583076,27325.678193506665,0.0
2017-07-09,16,2644.850015872556,2456.7484276586456,2644.850015872556,2456.7484276586456,188.10158821391042,0.0
2017-07-16,16,2663.5294782921083,2339.72457480325,0.0,188.10158821391042,0.0,2151.6229865893397
2017-07-23,16,2658.8769416235546,2927.4454541032355,5322.406419915663,2927.4454541032355,2394.9609658124273,0.0
2017-07-30,16,2705.797059242591,2823.47361368335,0.0,2394.9609658124273,0.0,428.5126478709226
2017-08-06,16,2503.1649332978013,2083.03218589201,0.0,0.0,0.0,2083.03218589201
2017-08-13,16,2404.200538503869,2369.7486632893697,7613.162531044261,2369.7486632893697,5243.413867754892,0.0
2017-08-20,16,2420.3319589574576,2682.439749375804,2420.3319589574576,2682.439749375804,4981.306077336545,0.0
2017-08-27,16,2370.1689753106302,2077.5673389146154,0.0,2077.5673389146154,2903.7387384219296,0.0
2017-09-03,16,2339.12351575076,2526.033413704185,4709.29249106139,2526.033413704185,5086.997815779136,0.0
2017-09-10,16,2281.2622270497877,2332.0262836192514,0.0,2332.0262836192514,2754.971532159884,0.0
2017-09-17,16,2198.8139570563117,2309.4487321880174,4480.076184106099,2309.4487321880174,4925.598984077966,0.0
2017-09-24,16,2127.653524382653,2238.855798259155,2127.653524382653,2238.855798259155,4814.396710201463,0.0
2017-10-01,16,2219.499260097201,2056.5429170440343,2219.499260097201,2056.5429170440343,4977.35305325463,0.0
2017-10-08,16,2073.286635447999,2115.029089462631,0.0,2115.029089462631,2862.323963791999,0.0
2017-10-15,16,2004.9771435326938,1841.1878389129795,0.0,1841.1878389129795,1021.1361248790197,0.0
2017-10-22,16,2044.7015358380954,2066.786895891596,6122.965314818788,2066.786895891596,5077.314543806212,0.0
2017-10-29,16,2008.875075044326,1948.4768158595896,2008.875075044326,1948.4768158595896,5137.712802990948,0.0
2017-11-05,16,2071.45181600851,1863.0877509987452,2071.45181600851,1863.0877509987452,5346.076868000713,0.0
2017-11-12,16,2165.7352967608904,1965.9487005403512,2165.7352967608904,1965.9487005403512,5545.863464221253,0.0
2017-11-19,16,2234.8663951632,2068.095375282357,0.0,2068.095375282357,3477.7680889388957,0.0
2017-11-26,16,2228.3279231150436,2015.0367517601608,0.0,2015.0367517601608,1462.731337178735,0.0
2017-12-03,16,1962.4868639058875,1872.4806903734263,6425.681182184131,1872.4806903734263,6015.93182898944,0.0
2017-12-10,16,1685.427302905152,1504.228517856316,0.0,1504.228517856316,4511.703311133124,0.0
2017-12-17,16,1639.4177973786718,1566.959450024225,3324.8451002838237,1566.959450024225,6269.588961392723,0.0
2017-12-24,16,1593.4891370476823,1623.9719045060056,0.0,1623.9719045060056,4645.617056886717,0.0
2017-12-31,16,1587.2545367289301,1669.0558140081528,0.0,1669.0558140081528,2976.5612428785644,0.0
2017-07-09,17,3325.129132214717,2938.4004082822344,3325.129132214717,2938.4004082822344,386.7287239324828,0.0
2017-07-16,17,3368.8852549984867,3400.439740169957,3368.8852549984867,3400.439740169957,355.1742387610125,0.0
2017-07-23,17,3401.036253002958,3061.996679325844,3401.036253002958,3061.996679325844,694.2138124381263,0.0
2017-07-30,17,3438.496631273347,3415.1671999413397,0.0,694.2138124381263,0.0,2720.9533875032134
2017-08-06,17,3235.209095098584,3240.29468869421,6673.705726371931,3240.29468869421,3433.4110376777207,0.0
2017-08-13,17,3060.2490004934725,3006.43543677039,3060.2490004934725,3006.43543677039,3487.2246014008033,0.0
2017-08-20,17,3094.6329283672294,2800.926787757546,0.0,2800.926787757546,686.2978136432571,0.0
2017-08-27,17,3012.983789789215,3491.9275011445407,0.0,686.2978136432571,0.0,2805.6296875012836
2017-09-03,17,2935.6295086433984,2944.609181005412,7332.840283728139,2944.609181005412,4388.231102722727,0.0
2017-09-10,17,2783.9243513159245,2476.253116836534,4494.330294387626,2476.253116836534,6406.308280273818,0.0
2017-09-17,17,2768.952569435105,2489.126961326954,2768.952569435105,2489.126961326954,6686.13388838197,0.0
2017-09-24,17,2862.751448137487,2209.2649823056945,0.0,2209.2649823056945,4476.868906076275,0.0
2017-10-01,17,2843.0920101953106,3127.926653639552,0.0,3127.926653639552,1348.9422524367233,0.0
2017-10-08,17,2725.8892441008848,2642.628879025687,7307.46964010462,2642.628879025687,6013.783013515656,0.0
2017-10-15,17,2710.632243287887,2809.29783167524,0.0,2809.29783167524,3204.4851818404163,0.0
2017-10-22,17,2715.5075957843746,2762.790423175988,0.0,2762.790423175988,441.69475866442826,0.0
2017-10-29,17,2715.760394677347,2375.1269955588245,0.0,441.69475866442826,0.0,1933.4322368943963
2017-11-05,17,2772.469309449545,2673.4491581137204,0.0,0.0,0.0,2673.4491581137204
2017-11-12,17,2781.7276649989526,2947.5138697630937,0.0,0.0,0.0,2947.5138697630937
2017-11-19,17,2792.144195860177,2278.530084378011,0.0,0.0,0.0,2278.530084378011
2017-11-26,17,2768.6485610944596,3124.8381860197296,0.0,0.0,0.0,3124.8381860197296
2017-12-03,17,2492.891886251742,2826.5044329231896,0.0,0.0,0.0,2826.5044329231896
2017-12-10,17,2134.278450921346,2023.580941220407,0.0,0.0,0.0,2023.580941220407
2017-12-17,17,2087.988695313108,2079.5372132821685,27096.312059968,2079.5372132821685,25016.774846685832,0.0
2017-12-24,17,2081.026998660862,1762.0443961118176,2081.026998660862,1762.0443961118176,25335.757449234876,0.0
2017-12-31,17,1990.1763699792905,2077.8391001538,1990.1763699792905,2077.8391001538,25248.094719060366,0.0
2017-07-09,18,8436.994846943526,8526.118247797942,8436.994846943526,8436.994846943526,0.0,89.1234008544161
2017-07-16,18,8390.213886682226,6624.759136340813,8390.213886682226,6624.759136340813,1765.4547503414133,0.0
2017-07-23,18,8401.173995874426,7994.23498014157,8401.173995874426,7994.23498014157,2172.3937660742695,0.0
2017-07-30,18,8443.723026509037,8036.608671757854,8443.723026509037,8036.608671757854,2579.5081208254533,0.0
2017-08-06,18,8095.98211633919,8086.020309048788,8095.98211633919,8086.020309048788,2589.4699281158546,0.0
2017-08-13,18,7863.688618974526,6709.937322331188,7863.688618974526,6709.937322331188,3743.2212247591933,0.0
2017-08-20,18,7749.098588950513,7318.248247871045,1958.4989541402665,5701.72017889946,0.0,1616.5280689715855
2017-08-27,18,7894.473560809816,8061.887029095937,13685.073195620062,8061.887029095937,5623.186166524125,0.0
2017-09-03,18,7458.772396985274,8456.25639581578,0.0,5623.186166524125,0.0,2833.070229291656
2017-09-10,18,7186.060637970897,7167.408677204132,0.0,0.0,0.0,7167.408677204132
2017-09-17,18,7158.75040753018,6915.535983745506,0.0,0.0,0.0,6915.535983745506
2017-09-24,18,7089.065175008639,7114.31097773245,28892.64861749499,7114.31097773245,21778.33763976254,0.0
2017-10-01,18,7056.850335664701,6484.621183093805,0.0,6484.621183093805,15293.716456668735,0.0
2017-10-08,18,6751.7709410294465,6311.024230928279,13808.621276694146,6311.024230928279,22791.3135024346,0.0
2017-10-15,18,6661.256882633108,6783.248597017523,6661.256882633108,6783.248597017523,22669.321788050187,0.0
2017-10-22,18,6652.403233566065,6375.935505549287,6652.403233566065,6375.935505549287,22945.789516066965,0.0
2017-10-29,18,6718.272093170375,6401.027681418498,6718.272093170375,6401.027681418498,23263.03392781884,0.0
2017-11-05,18,6911.910217716351,6706.909716850125,6911.910217716351,6706.909716850125,23468.034428685067,0.0
2017-11-12,18,7025.520183778361,7098.532555518243,0.0,7098.532555518243,16369.501873166824,0.0
2017-11-19,18,7131.261234513398,8033.910320362665,0.0,8033.910320362665,8335.591552804159,0.0
2017-11-26,18,7161.27035164259,7221.580737921054,0.0,7221.580737921054,1114.010814883105,0.0
2017-12-03,18,6243.9907374051945,5309.274711522715,27562.042507339545,5309.274711522715,23366.778610699937,0.0
2017-12-10,18,5545.435524889748,4757.421943838784,5545.435524889748,4757.421943838784,24154.7921917509,0.0
2017-12-17,18,5051.56203349571,5128.298680162832,0.0,5128.298680162832,19026.49351158807,0.0
2017-12-24,18,5073.387872239728,4878.021259889003,10124.949905735437,4878.021259889003,24273.422157434503,0.0
2017-12-31,18,4997.364823440471,4490.984288059066,4997.364823440471,4490.984288059066,24779.80269281591,0.0
2017-07-09,19,4112.841666135546,3741.492353736317,4112.841666135546,3741.492353736317,371.3493123992289,0.0
2017-07-16,19,4189.071956508395,3600.9142559931,4189.071956508395,3600.9142559931,959.5070129145229,0.0
2017-07-23,19,4044.640162425444,4114.261531182393,4044.640162425444,4114.261531182393,889.8856441575745,0.0
2017-07-30,19,4050.5302651716192,4036.331018708716,4050.5302651716192,4036.331018708716,904.0848906204778,0.0
2017-08-06,19,3838.506402870268,3774.408930465978,0.0,904.0848906204778,0.0,2870.3240398455
2017-08-13,19,3718.782561862643,4081.48294303238,0.0,0.0,0.0,4081.48294303238
2017-08-20,19,3636.9499701079662,3896.09814490308,11194.238934840878,3896.09814490308,7298.140789937797,0.0
2017-08-27,19,3728.0706326606123,3257.7607895346564,0.0,3257.7607895346564,4040.380000403141,0.0
2017-09-03,19,3589.6916069540844,3483.580847878321,0.0,3483.580847878321,556.7991525248199,0.0
2017-09-10,19,3492.598360964169,3446.306662500589,10810.360600578864,3446.306662500589,7920.853090603096,0.0
2017-09-17,19,3468.1649393891767,3258.609447449984,2323.6326570609076,3258.609447449984,6985.876300214019,0.0
2017-09-24,19,3451.8319647374556,3185.166816778952,0.0,3185.166816778952,3800.7094834350664,0.0
2017-10-01,19,3356.067872695062,3460.97788456905,7952.432119760788,3460.97788456905,8292.163718626805,0.0
2017-10-08,19,3288.308982886183,3265.4463452842137,3288.308982886183,3265.4463452842137,8315.026356228775,0.0
2017-10-15,19,3203.1531802673035,3440.969134780422,3203.1531802673035,3440.969134780422,8077.210401715656,0.0
2017-10-22,19,3189.267688658203,3267.123893436382,0.0,3267.123893436382,4810.086508279274,0.0
2017-10-29,19,3244.0266900086044,3299.220797236956,0.0,3299.220797236956,1510.8657110423183,0.0
2017-11-05,19,3321.7221799034205,3407.1156837453464,0.0,1510.8657110423183,0.0,1896.249972703028
2017-11-12,19,3412.485605664021,4141.225466099545,5674.327398513706,4141.225466099545,1533.1019324141607,0.0
2017-11-19,19,3429.072398947019,3352.5210200066717,10922.247164667562,3352.5210200066717,9102.82807707505,0.0
2017-11-26,19,3436.2354385873505,3791.352272692155,3380.9008445846107,3791.352272692155,8692.376648967505,0.0
2017-12-03,19,3035.5590020516406,2476.8874770071247,3090.89359605438,2476.8874770071247,9306.38276801476,0.0
2017-12-10,19,2538.866179212837,2369.690280647194,2538.866179212837,2369.690280647194,9475.558666580404,0.0
2017-12-17,19,2476.347093173137,3111.4601415495613,0.0,3111.4601415495613,6364.098525030842,0.0
2017-12-24,19,2530.9337313260203,2219.8528494611755,5007.2808244991575,2219.8528494611755,9151.526500068823,0.0
2017-12-31,19,2453.786611537932,2393.754534824795,2453.786611537932,2393.754534824795,9211.558576781961,0.0
2017-07-09,20,4853.963717640156,4153.372187249336,4853.963717640156,4153.372187249336,700.5915303908196,0.0
2017-07-16,20,4918.238811663501,5025.7936593818295,4918.238811663501,5025.7936593818295,593.0366826724912,0.0
2017-07-23,20,4907.876113401459,5388.693236316733,0.0,593.0366826724912,0.0,4795.656553644242
2017-07-30,20,4894.80368131266,3955.918222034285,0.0,0.0,0.0,3955.918222034285
2017-08-06,20,4607.746365002569,4494.489607261667,14410.42615971669,4494.489607261667,9915.936552455023,0.0
2017-08-13,20,4401.955533606591,4727.257191964827,4401.955533606591,4727.257191964827,9590.634894096787,0.0
2017-08-20,20,4203.1792408976,3670.854979108966,4203.1792408976,3670.854979108966,10122.95915588542,0.0
2017-08-27,20,4166.7815070576125,4376.687303933212,4166.7815070576125,4376.687303933212,9913.05335900982,0.0
2017-09-03,20,4271.51895501545,5417.033877466828,4271.51895501545,5417.033877466828,8767.538436558443,0.0
2017-09-10,20,3985.323227788934,3495.924409885872,3985.323227788934,3495.924409885872,9256.937254461505,0.0
2017-09-17,20,4017.73594535392,4000.544149161359,4017.73594535392,4000.544149161359,9274.129050654064,0.0
2017-09-24,20,4017.7318671606436,4302.196237127552,0.0,4302.196237127552,4971.932813526512,0.0
2017-10-01,20,3931.8522430821354,4195.23780239238,0.0,4195.23780239238,776.6950111341321,0.0
2017-10-08,20,3837.319465929846,3621.4038022357854,0.0,776.6950111341321,0.0,2844.7087911016533
2017-10-15,20,3765.9891132683433,3944.494206822107,0.0,0.0,0.0,3944.494206822107
2017-10-22,20,3742.1790739937696,3676.503486596956,16476.807492377073,3676.503486596956,12800.304005780117,0.0
2017-10-29,20,3730.692007767689,3510.556810009619,0.0,3510.556810009619,9289.747195770498,0.0
2017-11-05,20,3879.299825244959,3606.8509767926,0.0,3606.8509767926,5682.896218977899,0.0
2017-11-12,20,3957.6799387761057,3605.133559600239,0.0,3605.133559600239,2077.7626593776595,0.0
2017-11-19,20,3940.9097519201496,4385.768611078049,0.0,2077.7626593776595,0.0,2308.0059517003892
2017-11-26,20,4005.5150558559626,4001.777325772353,0.0,0.0,0.0,4001.777325772353
2017-12-03,20,3542.1110630839403,3388.350645470202,10640.363181428696,3388.350645470202,7252.0125359584945,0.0
2017-12-10,20,3113.957016183464,2712.7030185267386,0.0,2712.7030185267386,4539.309517431756,0.0
2017-12-17,20,2781.488148352399,3073.445078470249,14103.399230595067,3073.445078470249,15569.263669556574,0.0
2017-12-24,20,2894.040145883803,2481.220572887598,7928.547945796512,2481.220572887598,21016.591042465487,0.0
2017-12-31,20,2855.7256784143883,3044.6755521629584,4847.372544720251,3044.6755521629584,22819.28803502278,0.0
